/* scenes.h - background scenes recovered from World Karate Championship.
 *
 * Pixel data is the game's own ANTIC mode E screen memory ($B000): 97 lines of
 * 40 bytes, 160 pixels per line, 2 bits per pixel. The same bytes live on the
 * disk at the sectors listed in $449D, and $438C is the routine that loads one.
 *
 * Colours were recovered by inverting what the real hardware drew (see
 * invert_palette.py), not by reverse-engineering the DLI kernel. Values 1..3
 * are constant per scanline. Value 0 selects COLBK, which the game rewrites
 * MID-SCANLINE to paint horizontal bands, so it is stored as x-runs.
 *
 * Verified: re-rendering through this table reproduces each captured frame
 * with zero differing pixels.
 * GENERATED FILE - do not edit; re-run invert_palette.py instead. */
#ifndef SCENES_H
#define SCENES_H
#include <stdint.h>
#define SCENE_LINES 97
#define SCENE_BYTES_PER_LINE 40
#define SCENE_PIXELS 160
typedef struct { uint8_t r,g,b; } SceneCol;
typedef struct { uint8_t x, col; } SceneRun;
typedef struct {
  const char* name;
  SceneCol ground;              /* solid fill below the playfield */
  const uint8_t* bits;          /* SCENE_LINES * SCENE_BYTES_PER_LINE */
  const uint8_t (*fixed)[3];    /* per line: palette index for values 1,2,3 */
  const SceneRun* runs;         /* COLBK runs, concatenated */
  const uint16_t* run_ofs;      /* SCENE_LINES+1 offsets into runs */
  const SceneCol* pal;
  uint16_t pal_n;
} BgScene;
static const uint8_t scene0_bits[3880]={
  0xFF,0xFF,0xF5,0x5F,0xFF,0xFF,0xFF,0xFF,0xF5,0x5F,0xFF,0xFD,0xFF,0xAB,0x6D,0x7A,0x6A,0x5A,0x6A,0x69,
  0xA9,0xFB,0xBA,0xFF,0xFA,0xBA,0x9F,0xF6,0xAA,0xAA,0xAA,0xAA,0xAA,0xAA,0xAA,0xAA,0xAA,0xAA,0xAA,0xAA,
  0xFF,0xFF,0xFD,0x55,0xFF,0xFF,0xFF,0xFF,0xFF,0x55,0xFF,0xF7,0xF5,0xE1,0x6B,0x7A,0x6A,0x7A,0x6A,0x69,
  0xA9,0xBF,0xBA,0xFB,0xFE,0xBA,0xB7,0xFD,0xAA,0xAA,0xAA,0xAA,0xAA,0xAA,0xAA,0xAA,0xAA,0xAA,0xAA,0xAA,
  0xFF,0xFF,0xFF,0xD5,0x5F,0xFF,0xFF,0xFF,0xFF,0xF5,0x7F,0x7F,0x57,0x75,0xBE,0xF0,0x6A,0x7A,0x6A,0x69,
  0xA9,0xAF,0xBB,0xBE,0xFF,0xB9,0xBB,0xFF,0xAA,0xAA,0xAA,0xAA,0xAA,0xAA,0xAA,0xAA,0xAA,0xAA,0xAA,0xAA,
  0x5F,0xFF,0xFF,0xFF,0x55,0xFF,0xFF,0xFF,0xFF,0x7F,0x5D,0xF7,0x7D,0xD6,0x03,0xBC,0x42,0x7A,0x6A,0x69,
  0xA9,0xAB,0xFB,0x9D,0xBF,0xB9,0xB9,0xFF,0x6A,0xAA,0xAA,0xAA,0xAA,0xAA,0xAA,0xAA,0xAA,0xAA,0xAA,0xAA,
  0x55,0xFF,0xFF,0xFF,0xF5,0x5F,0xFF,0xFF,0xDF,0xFF,0xF7,0xDF,0x77,0x7F,0xAE,0xE3,0x42,0x7A,0x6A,0x69,
  0xA9,0xA5,0xDB,0xBF,0xAF,0xD9,0xBA,0xFF,0x4A,0xAA,0xAA,0xAA,0xAA,0xAA,0xAA,0xAA,0xAA,0xAA,0xAA,0xAA,
  0xF5,0x5F,0xFF,0xFF,0xFF,0x55,0xFF,0xFD,0xDF,0xFF,0xDF,0x75,0x5D,0xFF,0xE0,0x38,0xDA,0x7A,0x6A,0x69,
  0xA9,0xA6,0xFB,0xB7,0x67,0xF9,0xBA,0x7F,0xE0,0x2A,0xA8,0x0A,0xAA,0xAA,0x80,0xAA,0xAA,0xAA,0xA8,0x0A,
  0xFF,0x55,0xFF,0xFF,0xFF,0xFD,0x5F,0xDF,0xDF,0xF7,0x75,0x7F,0x77,0xFF,0xF4,0x2F,0xB6,0x7A,0x69,0x69,
  0xA9,0xA6,0xBE,0xBB,0xFF,0xFB,0xFB,0x7F,0xEA,0x20,0x80,0xAA,0xAA,0xAA,0x2A,0xAA,0xAA,0xAA,0xA0,0x02,
  0xFF,0xF5,0x5F,0xFF,0xFF,0xFF,0xD5,0xFF,0xDF,0xDF,0x57,0x7D,0xDF,0xFF,0xFF,0x7A,0xED,0x7A,0x69,0xE9,
  0xA9,0xA6,0x9F,0xB9,0xDA,0xFE,0xB6,0xEF,0xDA,0xA0,0x00,0x2A,0xAA,0xAA,0x82,0xAA,0xAA,0xAA,0x80,0x02,
  0xFF,0xFF,0x55,0xFF,0xFF,0xFF,0xFD,0x5F,0xDF,0x55,0xFF,0xDF,0x77,0xFF,0xFF,0x6A,0x7B,0xDA,0x69,0xE9,
  0xA9,0xA6,0xAF,0x7A,0xFA,0x7E,0xB6,0xEF,0xFA,0xAA,0x08,0x2A,0xAA,0xAA,0xAA,0x02,0xAA,0xAA,0x80,0x00,
  0xFF,0xFF,0xF5,0x5F,0xFF,0xFF,0x7F,0xD5,0x75,0x7F,0x57,0x7D,0xD5,0xFF,0xFF,0xFB,0x6E,0xB6,0x69,0xE9,
  0xA9,0xA6,0xAB,0xEB,0x76,0xBF,0xB6,0xEF,0xFA,0xAA,0x02,0xAA,0xAA,0xAA,0x80,0x02,0xAA,0xAA,0x80,0x00,
  0xFF,0xFF,0xFF,0x57,0xFF,0xDF,0xFF,0xF5,0xD7,0xD7,0x7D,0xF7,0xFD,0x5F,0xFF,0xFD,0xAB,0xED,0x69,0xE9,
  0xA9,0xA6,0xA5,0xFB,0xBE,0x9F,0xF6,0xEB,0xF6,0xAA,0xAA,0xAA,0xAA,0xAA,0x80,0x28,0xAA,0xAA,0x80,0x00,
  0xFF,0xFF,0xFF,0xF5,0x77,0xDF,0xFD,0x57,0xDF,0x7D,0x77,0xDF,0xFF,0xD7,0xFF,0xFF,0xEE,0x7B,0x69,0xE9,
  0xA9,0xA6,0xA6,0xFB,0xAD,0xAF,0xF6,0xEB,0xF6,0xAA,0xAA,0xAA,0xAA,0xAA,0x80,0x00,0xAA,0xAA,0x80,0x00,
  0x5F,0xFF,0xFF,0xFF,0x57,0xDF,0x55,0x7D,0x7D,0xD7,0xDF,0x7F,0xFF,0xF5,0x7F,0xFF,0xFA,0x6E,0xD9,0xE9,
  0xA9,0xA6,0xA6,0xBE,0xBF,0xAB,0xD7,0xFF,0xF6,0xAA,0xAA,0xAA,0xAA,0xAA,0xA0,0x02,0xAA,0xAA,0x80,0x00,
  0x55,0xFF,0xFF,0xDF,0xF5,0xD5,0x5F,0xF7,0xF7,0xDF,0x7D,0xFF,0xFF,0xFF,0x5F,0xFF,0xFD,0x7B,0xBD,0xE9,
  0xA9,0xA6,0xA6,0x9D,0xB7,0x7D,0xFA,0xE9,0xFE,0xAA,0xAA,0xAA,0xAA,0xAA,0xAA,0xAA,0xAA,0xAA,0x80,0x00,
  0xF5,0x5F,0xF7,0xFF,0xF5,0x57,0xFF,0xDF,0xDD,0x55,0xF7,0xFF,0xFF,0xFF,0xD5,0xFF,0xFF,0xEA,0xFB,0x69,
  0xAB,0xA6,0xA6,0x9D,0xBB,0xEA,0xF6,0xE9,0xFD,0xAA,0xAA,0xAA,0xAA,0xAA,0xAA,0xAA,0xAA,0xAA,0xA0,0x02,
  0xFF,0x55,0xF7,0xFD,0x55,0xFF,0xFF,0x7F,0x7D,0xDF,0xDF,0xFF,0xFF,0xFF,0xFD,0x7F,0xFF,0xFA,0x6E,0xD9,
  0xAB,0xA6,0xA6,0x97,0xB9,0xDA,0xFE,0xEB,0x7D,0xAA,0xAA,0xAA,0xAA,0xAA,0xAA,0xAA,0xAA,0xAA,0xA8,0x0A,
  0xFF,0xF5,0x57,0x55,0x7F,0xFF,0xFD,0xF5,0xD5,0x7F,0x7F,0xFF,0xFF,0xFF,0xFF,0x57,0xFF,0xFE,0xEB,0xB5,
  0xAB,0xA6,0xA6,0x9B,0xFA,0xFA,0x7E,0xDB,0xBF,0xAA,0xAA,0xAA,0xAA,0xAA,0xAA,0xAA,0xAA,0xAA,0xAA,0xAA,
  0xFF,0x7F,0xD5,0x5F,0xFF,0xFF,0xF7,0xDF,0xDD,0xFD,0xFF,0xFF,0xFF,0xFF,0xFF,0xF5,0xFF,0xFF,0x6A,0xED,
  0xA7,0xA6,0xA6,0x9A,0xEB,0x76,0xBD,0xDB,0xBF,0xA2,0xAA,0xAA,0xAA,0xAA,0xAA,0xAA,0xAA,0xAA,0xAA,0xAA,
  0xDF,0xF5,0x57,0xFF,0xFF,0xFF,0x7F,0x55,0xD7,0xF7,0xFF,0xFF,0xFF,0xFF,0xFF,0xFD,0x5F,0xFF,0xFA,0x7F,
  0x67,0xA6,0xA6,0x9A,0xFB,0xBF,0xFF,0xDF,0xDF,0x68,0xAA,0xAA,0xAA,0xAA,0xAA,0xAA,0xAA,0xAA,0xAA,0xAA,
  0xFD,0x55,0xFF,0xFF,0xFF,0xFD,0xFD,0xDD,0x5F,0xDF,0xFF,0xFF,0xFF,0xFF,0xFF,0xFF,0xD7,0xFF,0xFE,0xEB,
  0xFB,0xA6,0xA6,0x9A,0xBB,0x9D,0x9F,0x6B,0x9F,0x6A,0xAA,0xAA,0xAA,0xAA,0xAA,0xAA,0xAA,0xAA,0xAA,0xAA,
  0x55,0x7F,0xFF,0xFF,0xFF,0xF7,0xF7,0xDF,0x7F,0x7F,0xFF,0xFF,0xFF,0xFF,0xFF,0xFF,0xF5,0x7F,0xFF,0x6A,
  0xED,0xA6,0xA6,0x9A,0x7E,0xBD,0xAF,0xEB,0x9F,0x6A,0xAA,0xAA,0xAA,0xAA,0xAA,0xAA,0xAA,0xAA,0xAA,0xAA,
  0x5F,0xFF,0xFF,0xFF,0xFF,0xDF,0xDF,0xDD,0xFD,0xFF,0xFF,0xFF,0xFF,0xFF,0xFF,0xFF,0xFF,0x5F,0xFF,0xFB,
  0x7B,0x66,0xA6,0x9A,0x6E,0xB7,0xA7,0xDB,0xAF,0xEA,0xAA,0xAA,0xAA,0xAA,0xAA,0xAA,0xAA,0xAA,0xAA,0xAA,
  0xFF,0xFF,0xFF,0xFF,0xFF,0x7F,0x75,0xD7,0xF7,0xFF,0xFF,0xFF,0xFF,0xFF,0xFF,0xFF,0xFF,0xD5,0xFF,0xFE,
  0x6F,0xDA,0xAE,0x9A,0x6F,0xB7,0x6B,0xDB,0xA7,0xEA,0xAA,0xAA,0xAA,0xAA,0xAA,0xAA,0xAA,0xAA,0xAA,0xAA,
  0xFF,0xFF,0xFF,0xFF,0xF7,0xFD,0xF5,0x5F,0xDF,0xFF,0xFF,0xFF,0xFF,0xFF,0xFF,0xFF,0xFF,0xFD,0x7F,0xFF,
  0xAA,0xF6,0xAE,0x9A,0x6B,0xB9,0xEB,0xFB,0xA7,0xDA,0xAA,0xAA,0xAA,0xAA,0xAA,0xAA,0xAA,0xAA,0xAA,0xAA,
  0xFF,0xFF,0xFF,0xFF,0xDF,0xF7,0xF7,0x7F,0x7F,0xFF,0xFF,0xFF,0xFF,0xFF,0xFF,0xFF,0xFF,0xFF,0xD7,0xFF,
  0xDB,0xBF,0xAE,0x9A,0x6B,0xF9,0xD0,0xFF,0xF7,0xDA,0x02,0x9A,0xAA,0xAA,0xAA,0xAA,0xAA,0xAA,0xFE,0xAA,
  0xFF,0xFF,0xFF,0xFF,0x7F,0xD5,0x55,0xFD,0xFF,0xFF,0xFF,0xFF,0xFF,0xFF,0xFF,0xFF,0xFF,0xFF,0xF5,0xFF,
  0xFE,0xAE,0xEE,0x9A,0x66,0xDA,0xDF,0xF3,0xC3,0xF0,0x00,0x12,0xAA,0xAA,0xA1,0x6A,0xAA,0xAA,0xFE,0xAA,
  0xFF,0xFF,0xFF,0xFD,0xFF,0x77,0xD7,0xF7,0xFF,0xFF,0xFF,0xFF,0xFF,0xFF,0xFF,0xFF,0xFF,0xFF,0xFF,0x5F,
  0xFF,0xA7,0xF6,0x9A,0x66,0xFB,0x38,0xF7,0x0D,0xF8,0x2A,0x9A,0xAA,0xAA,0xAB,0xAA,0xAA,0xAA,0xEE,0xAA,
  0xFF,0xFF,0xFF,0xDF,0xF5,0x77,0x7F,0xDF,0xFF,0xFF,0xFF,0xFF,0xFF,0xFF,0xFF,0xFF,0xFF,0xFF,0xFF,0xD7,
  0xFF,0xEE,0xBD,0x9A,0x66,0xB8,0x38,0x37,0x6D,0xFA,0xAA,0x1A,0xAA,0xAA,0xA1,0x6A,0xAA,0xAB,0xDE,0xAA,
  0xFF,0xFF,0xFF,0x7F,0xDF,0x75,0xFF,0x7F,0xFF,0xFF,0xFF,0xFF,0xFF,0xFF,0xFF,0xFF,0xFF,0xFF,0xFF,0xFD,
  0x7F,0xF6,0xAF,0x6A,0xE6,0xBE,0xF6,0xBD,0x6E,0xF6,0xAA,0x3A,0xAA,0xAA,0xAB,0xAA,0xAA,0xAB,0xF7,0xAA,
  0xFF,0xFF,0xFD,0xFF,0x75,0x77,0xFD,0xFF,0xFF,0xFF,0xFF,0xFF,0xFF,0xFF,0xFF,0xFF,0xFF,0xFF,0xFF,0xFF,
  0x5F,0xFF,0xA7,0xFA,0xE6,0xAE,0xDE,0xBD,0xAE,0xF6,0xAA,0xBA,0xAA,0xAA,0xAB,0xAA,0xAA,0xAB,0xF7,0xAA,
  0xFF,0xFF,0xF7,0xFD,0xFF,0xDF,0xF7,0xFF,0xFF,0xFF,0xFF,0xFF,0xFF,0xFF,0xFF,0xFF,0xFF,0xFF,0xFF,0xFF,
  0xF7,0xFF,0xEE,0xFE,0xE6,0x9F,0xDD,0xFF,0xAE,0xFE,0xBF,0xFF,0xFA,0xAA,0xAB,0xAA,0xAA,0xAB,0xBB,0xAA,
  0x5F,0xFF,0xDF,0xF7,0x7F,0x7F,0xDF,0xFF,0xFF,0xFF,0xFF,0xFF,0xFF,0xFF,0xFF,0xFF,0xFF,0xFF,0xFF,0xFF,
  0xFD,0x7F,0xF6,0xAF,0x66,0x9B,0xED,0x9F,0xEF,0x7E,0xB8,0x22,0xBA,0xAA,0xAB,0xAA,0xAA,0xAB,0x77,0xAA,
  0xA9,0x7D,0xFF,0xDF,0x55,0xFF,0x7F,0xFF,0xFF,0xFF,0xFF,0xFF,0xFF,0xFF,0xFF,0xFF,0xFF,0xFF,0xFF,0xFF,
  0xFF,0xDF,0xFF,0xB7,0xEA,0x9B,0x67,0xAF,0x6E,0x7E,0xBF,0xFF,0xFA,0xAA,0xAB,0xAA,0xAA,0xAB,0x77,0xAA,
  0xAA,0xAF,0xFD,0x7F,0x7B,0xFD,0xFF,0xFF,0xFF,0xFF,0xFF,0xFF,0xFF,0xFF,0xFF,0xFF,0xFF,0xFF,0xFF,0xFF,
  0xFF,0xF5,0xFF,0xE6,0xF6,0xBB,0xEF,0x6F,0x6E,0x7E,0xB8,0x22,0xBA,0xAA,0xAB,0xAA,0xAA,0xAB,0xFB,0xAA,
  0xAA,0x7F,0xFE,0xAF,0xAF,0xF7,0xFF,0xFF,0xFF,0xFF,0xFF,0xFF,0xFF,0xFF,0xFF,0xFF,0xFF,0xFF,0xFF,0xFF,
  0xFF,0xFF,0x7F,0xFA,0xBD,0xBA,0xEF,0x67,0xEE,0x7D,0xBF,0xFF,0xFA,0xAA,0x00,0x00,0x2A,0xAB,0xBF,0xAA,
  0xA9,0xFF,0xDF,0xAF,0xBF,0xD7,0xFF,0xFF,0xFF,0xFF,0xFF,0xFF,0xFF,0xFF,0xFF,0xFF,0xFF,0xFF,0xFF,0xFF,
  0xFF,0xFF,0xD7,0xFD,0xA7,0xDA,0xFD,0xEB,0xED,0x7D,0xB8,0x2A,0x3A,0xAA,0x00,0x00,0x6A,0xAB,0x7B,0xAA,
  0xA7,0xFD,0x7F,0xEF,0xFF,0x6A,0x5F,0xFF,0xFF,0xFF,0xFF,0xFF,0xFF,0xFF,0xFF,0xFF,0xFF,0xFF,0xFF,0xFF,
  0xFF,0xFF,0xFD,0xFF,0xEE,0xFA,0xBE,0xFF,0xFF,0xDD,0xBF,0xFF,0xFA,0xAA,0x00,0x00,0x6A,0xAB,0xF7,0xAA,
  0x9F,0xF6,0xF7,0xFF,0xFD,0xAE,0xAA,0x5F,0xFF,0xFF,0xFF,0xFF,0xFF,0xFF,0xFF,0xFF,0xFF,0xFF,0xFF,0xFF,
  0xFF,0xFF,0xFF,0x5F,0xF6,0xBE,0xFA,0xD9,0xDD,0xFD,0xB8,0x22,0xBA,0xAA,0xFF,0xFF,0xEA,0xAB,0x77,0xAA,
  0x7F,0xDA,0xFE,0xFF,0xF6,0xB7,0xAA,0xAA,0x5F,0xFF,0xFF,0xFF,0xFF,0xFF,0xFF,0xFF,0xFF,0xFF,0xFF,0xFF,
  0xFF,0xFF,0xFF,0xF7,0xFD,0x9F,0xEE,0x79,0xDD,0x5F,0xBF,0xFF,0xFA,0xAA,0x00,0x00,0x6A,0xAB,0xBB,0xAA,
  0xFF,0xEA,0x7A,0xBF,0xDA,0xB0,0xE8,0x82,0xAA,0x5F,0xFF,0xFF,0xFF,0xFF,0xFF,0xFF,0xFF,0xFF,0xFF,0xFF,
  0xFF,0xFF,0xFF,0xFD,0x7F,0xDA,0xDE,0xFA,0xF5,0x6F,0xB8,0x2A,0xBA,0xAA,0xFF,0xFF,0xEA,0xAB,0x77,0xB5,
  0xF7,0xFA,0xFA,0xFF,0x6A,0xF0,0x3A,0x80,0x02,0xAA,0x5F,0xFF,0xFF,0xFF,0xFF,0xFF,0xFF,0xFF,0xFF,0xFF,
  0xFF,0xFF,0xFF,0xFF,0xDF,0xFA,0xBE,0xFF,0xFD,0xFF,0xBB,0xBF,0xFA,0xAA,0x00,0x00,0x6A,0xBB,0xE7,0xB5,
  0xFD,0xFE,0xFB,0xFD,0xAA,0xCC,0x1A,0xA8,0x00,0x2A,0xAA,0x5F,0xFF,0xFF,0xFF,0xFF,0xFF,0xFF,0xFF,0xFF,
  0xFF,0xFF,0xFF,0xFF,0xFD,0xFD,0x9F,0xDE,0xFD,0xEF,0xBF,0xEA,0xBA,0xAA,0x03,0x00,0x6A,0xBB,0x6F,0x95,
  0xFF,0xBF,0xDF,0xF6,0xAA,0xCD,0x2E,0xAA,0xAA,0xAA,0xAA,0xAA,0x5F,0xFF,0xFF,0xFF,0xFF,0xFF,0xFF,0xFF,
  0xFF,0xFF,0xFF,0xFF,0xFF,0x7F,0x5B,0xEE,0x76,0xEF,0xB7,0x7F,0xFA,0xAA,0x30,0x33,0x6A,0xFF,0xFF,0xD3,
  0xBD,0xAF,0xFF,0xDA,0xAB,0x1F,0x06,0xA8,0x22,0xAB,0xFA,0xAA,0xAA,0x5F,0xFF,0xFF,0xFF,0xFF,0xFF,0xFF,
  0xFF,0xFF,0xFF,0xFF,0xFF,0xDF,0xFB,0xBF,0xFF,0xFF,0xE7,0x2A,0x3A,0xEA,0x00,0x00,0x6A,0xD5,0x55,0xD5,
  0x7E,0xAB,0xFF,0x6A,0xAB,0x1F,0x41,0xA0,0x02,0xAB,0x0E,0xAA,0xAA,0xAA,0x5F,0xFF,0xFF,0xFF,0xFF,0xFF,
  0xFF,0xFF,0xFF,0xFF,0xFF,0xFD,0xFE,0xEF,0x9F,0xE7,0x67,0x3F,0xFF,0xEA,0x33,0x00,0x6F,0xD5,0x55,0xE6,
  0x7E,0xAF,0x7D,0xAA,0xAB,0x3F,0x43,0xA8,0x2A,0xAC,0xC3,0xAA,0xAA,0xAA,0xAA,0x5F,0xFF,0xFF,0xFF,0xFF,
  0xFF,0xFF,0xFF,0xFF,0xFF,0xFF,0xDF,0x6D,0xED,0xE7,0x67,0x22,0xBE,0xFA,0x00,0xC3,0x6E,0xFF,0xFD,0xDD,
  0xF6,0xBF,0xF6,0x8A,0xAC,0x7F,0xC1,0x6A,0xAA,0xAC,0xF1,0xEA,0x80,0xAA,0xAA,0xAA,0x5F,0xFF,0xFF,0xFF,
  0xFF,0xFF,0xFF,0xFF,0xFF,0xFF,0xF7,0xD7,0xBF,0xE7,0x7F,0x3F,0xFB,0xBA,0xC0,0x0C,0x6D,0xDA,0xAD,0xD9,
  0xF6,0xF7,0xDA,0x2B,0xEC,0x7F,0xD0,0xEA,0xAA,0xB5,0xF4,0x7A,0x02,0x82,0xAA,0xA2,0xAA,0x5F,0xFF,0xFF,
  0xFF,0xFF,0xFF,0xFF,0xFF,0xFF,0xFF,0x7D,0xAF,0x6B,0xB7,0x2A,0xBE,0xFF,0xFF,0xC0,0x6E,0xFF,0xFF,0xD5,
  0xFB,0xFF,0x60,0xAB,0x3C,0x7F,0xD0,0x5A,0xAB,0xB3,0xFC,0x3A,0xA8,0x00,0x28,0xA0,0xAA,0xAA,0x5F,0xFF,
  0xFF,0xFF,0xFF,0xFF,0xFF,0xFF,0xFF,0xF7,0xEF,0xEB,0xE7,0x3F,0xFB,0xD5,0x55,0xC0,0x7D,0xDA,0xAD,0xDA,
  0xFF,0x7D,0x88,0xA5,0x0D,0xFF,0xF0,0x3A,0xAF,0xC7,0xFD,0x0E,0x80,0x2A,0xAA,0xAA,0xAA,0xAA,0xAA,0x5F,
  0xFF,0xFF,0xFF,0xFF,0xFF,0xFF,0xFF,0xFD,0x7F,0xBF,0xEF,0x28,0xBE,0xD5,0x4B,0xC3,0x6D,0xFF,0xFF,0xFF,
  0xFF,0xF6,0xAA,0xAC,0xC1,0xFF,0xF4,0x1A,0xBC,0xDF,0xFF,0x05,0xA0,0xAA,0xFA,0xAA,0xAA,0xAA,0xAA,0xAA,
  0x5F,0xFF,0xFF,0xFF,0xFF,0xFF,0xFF,0xFF,0xDF,0xEB,0xEF,0x3F,0xFB,0xF5,0x55,0xC0,0x6E,0xDA,0xAD,0xD9,
  0xF7,0xDA,0xAA,0x9C,0xF0,0x7F,0xF4,0x0E,0xD1,0x3F,0xFF,0x43,0xAA,0xA9,0x56,0xAA,0xAA,0xAA,0xAA,0xAA,
  0xA9,0x7F,0xFF,0xFF,0xFF,0xFF,0xFF,0xFF,0xF7,0x7B,0xEF,0x0A,0xBE,0xD9,0x51,0xC0,0x5D,0xFF,0xFF,0xED,
  0xDF,0x6A,0xAA,0x91,0xF4,0x1F,0xFC,0x0F,0xCD,0x47,0xFF,0xC0,0x6A,0xA9,0x56,0xAA,0xAA,0xAA,0xAA,0xFF,
  0xEA,0xAA,0x7F,0xFF,0xFF,0xFF,0xFF,0xFF,0xFF,0x7F,0xDF,0xDF,0xFB,0xD5,0x55,0xC0,0x55,0x56,0xAD,0xD9,
  0xFD,0xAA,0xAA,0xB1,0xFC,0x07,0xFD,0x03,0x5F,0xC1,0xFF,0xD0,0xEA,0xA9,0x06,0xAA,0xAA,0xAA,0xAA,0xEE,
  0xEA,0xAA,0xA5,0x7F,0xFF,0xFF,0xFF,0xFF,0xF7,0xD7,0xDF,0xDA,0xBE,0xE5,0x74,0xC0,0x7F,0xFD,0xFF,0xED,
  0xF6,0xAA,0xAF,0xB7,0xFD,0x01,0xFD,0x07,0x3F,0xD0,0xFF,0xF0,0x6A,0xA9,0x56,0xFF,0xFF,0xEA,0xAA,0xFD,
  0xEA,0xAA,0x95,0xA9,0x7F,0xFF,0xFF,0xFF,0xF7,0x7F,0xDF,0x1F,0xFF,0xFD,0x55,0xCC,0x66,0xEE,0xAD,0xD9,
  0xDA,0xAA,0xA4,0x07,0xFF,0x01,0xFF,0x2F,0x7F,0xF0,0x7F,0xF4,0x7A,0xA9,0xC6,0xDD,0xDD,0xEA,0xAA,0xD7,
  0xEA,0xAA,0x95,0xBF,0xE9,0x7F,0xFF,0xFF,0xF7,0x7F,0xDF,0xDA,0xB3,0x9D,0x55,0xC0,0x7F,0xBF,0xFF,0xE5,
  0x6A,0xAA,0xB3,0x01,0xFF,0x40,0xFF,0x31,0x7F,0xF4,0x1F,0xF4,0x3A,0xA9,0x56,0xFF,0xFF,0xEA,0xAA,0xFF,
  0xDF,0xFF,0x95,0xB5,0x57,0xF5,0xFF,0xFF,0xFF,0xFD,0xFF,0x1B,0xF7,0x9D,0x55,0xC0,0x6E,0xEE,0xAD,0xE6,
  0xAA,0xAA,0xB7,0xC0,0x7F,0xC0,0x7F,0xC0,0x7F,0xFC,0x0F,0xFC,0x3A,0xF9,0x05,0x5D,0xDD,0xE2,0xAA,0xEE,
  0xDE,0xEF,0x95,0xBD,0xFF,0x7A,0xA5,0xFF,0xFD,0xDD,0xDF,0x36,0xB3,0xBD,0x45,0xCC,0x77,0x3F,0xFF,0xD5,
  0x1A,0x6A,0xB3,0xD0,0x3F,0xC0,0x7F,0x30,0x1F,0xFD,0x07,0xFD,0x1F,0x0D,0x57,0xFF,0xFF,0xD4,0x28,0xFF,
  0xD5,0x77,0x95,0xB6,0xFA,0xF0,0x44,0x97,0xFD,0xDD,0xFB,0xFF,0xBB,0x9D,0x56,0xC0,0x66,0x5E,0xA4,0xF0,
  0x05,0x5A,0xB3,0xF4,0x0F,0xD0,0x3C,0x74,0x07,0xFD,0x03,0xFD,0x1C,0x0D,0x47,0x5D,0x55,0x54,0x00,0xEE,
  0xDF,0x9F,0xCC,0x3D,0xFF,0x73,0xFC,0xE7,0xD9,0xDD,0xF7,0x1F,0xEF,0xBD,0x55,0xC0,0x7C,0x7F,0x6B,0x57,
  0x01,0x56,0xB3,0xF4,0x03,0xD0,0x34,0xFD,0x01,0xFF,0x03,0xFF,0x0C,0x0D,0x17,0xDD,0x66,0x76,0x8A,0xFF,
  0xDF,0x7E,0xF0,0x36,0xEE,0xEC,0x44,0xEB,0xF9,0xF7,0xFB,0xDF,0xDF,0x9D,0x55,0xCC,0x66,0x7B,0xFF,0x47,
  0x01,0x56,0xB3,0xFC,0x01,0xF0,0x33,0xFF,0x40,0x7F,0x41,0xFF,0x0D,0x0D,0x57,0x7D,0x55,0x64,0x00,0xC0,
  0x30,0xCF,0x30,0x3D,0xF7,0xFF,0xFF,0xF9,0xF5,0x79,0xF7,0xDF,0xF5,0xBD,0x65,0xCC,0x7B,0x3B,0xA7,0x57,
  0x14,0x15,0xB3,0xFD,0x20,0xF0,0xCF,0xFF,0xD0,0x3F,0xC0,0xFF,0x4D,0x0D,0x47,0xDD,0x66,0x64,0x22,0x20,
  0x8F,0xF2,0x33,0xF5,0xD7,0x55,0x55,0x79,0xDF,0x75,0xFB,0xD7,0xFF,0xAD,0x55,0xC0,0xFF,0xF7,0xD7,0x7F,
  0x40,0x00,0x53,0xFF,0x00,0x73,0x1F,0xFF,0xF0,0x0F,0xC0,0x7F,0x47,0x05,0x57,0xDD,0x54,0x64,0x03,0xFC,
  0x00,0x00,0x21,0x55,0xFF,0x7B,0xAF,0x7F,0xFF,0xF5,0xF7,0xDA,0x7F,0xBE,0x55,0xC0,0x55,0x57,0x5F,0xFF,
  0x00,0x00,0xC7,0xFF,0x40,0x31,0x3F,0xFF,0xF4,0x07,0xD0,0x7F,0x45,0x03,0x9F,0xDD,0x7D,0x14,0x83,0xCC,
  0x00,0xA0,0x08,0x00,0x03,0x55,0x55,0x75,0x75,0xBE,0xF7,0xDF,0xD9,0x9D,0x55,0xF5,0xFF,0xFF,0xFF,0xF7,
  0x04,0x00,0xC7,0xFF,0x40,0x3C,0x7F,0xFF,0xFC,0x01,0xD0,0x3F,0x47,0x03,0x70,0x35,0xC3,0x00,0x00,0x75,
  0x40,0x00,0x00,0x00,0x03,0x5E,0xEF,0xFD,0x75,0x7E,0xF7,0xDA,0xB3,0x8D,0xDD,0x7F,0x3F,0xFF,0xDF,0x75,
  0x0A,0x80,0xC7,0xFF,0xC0,0x0C,0xFF,0xFF,0xFD,0x00,0xF0,0x3F,0x43,0x03,0xF6,0x0F,0x0F,0x0A,0xAB,0xB7,
  0x5C,0xCC,0xCC,0xCC,0xCF,0x7B,0xB5,0x5D,0xBD,0x7E,0xF7,0xDF,0xF7,0xAD,0x55,0x5F,0x77,0x75,0xD5,0x55,
  0x02,0x00,0xC7,0xFF,0xD0,0x35,0xFF,0xFF,0xFF,0x00,0x74,0x1F,0x43,0x03,0x4F,0x0C,0x03,0x00,0x30,0x05,
  0x55,0x55,0x55,0x55,0x57,0x73,0x7F,0xFF,0x5D,0x7D,0xFF,0xDD,0x55,0x5D,0x55,0x40,0x55,0x57,0x55,0xD5,
  0x02,0x00,0xCF,0xFF,0xD0,0x33,0xFF,0xFF,0xFF,0x40,0x34,0x0F,0x43,0x03,0x4F,0x45,0x03,0xBB,0x97,0xFF,
  0xFD,0xAA,0xAA,0xAA,0x80,0x00,0x00,0x00,0x9F,0xBE,0xFF,0xDA,0xAA,0xAA,0xAA,0xAA,0xAA,0xAF,0xEA,0xFE,
  0x00,0x62,0xCF,0xFF,0xD0,0x73,0xFF,0xFF,0xFF,0x40,0x3C,0x0F,0x43,0x03,0x1F,0xC1,0x03,0x55,0x7D,0xAA,
  0x9F,0xFE,0xAA,0xA2,0xA5,0x96,0xA6,0xA5,0xF7,0x7D,0xDF,0xDA,0xAA,0x5A,0x68,0xA2,0xAA,0x6A,0x9A,0xAA,
  0x00,0xA3,0xDF,0xFF,0xD0,0x57,0xFF,0xFF,0xFF,0xD0,0x1C,0x07,0x43,0x03,0x1F,0xC1,0x03,0xAA,0x97,0xD6,
  0xA9,0x56,0xA0,0x2A,0xAA,0xAA,0xAA,0x2B,0xFD,0x55,0x7F,0xFD,0xAA,0xAA,0xAA,0xE8,0xAE,0xAA,0x6A,0x8A,
  0x36,0xE3,0xD0,0x3F,0xF0,0xC7,0xFF,0xFF,0xFF,0xD0,0x0D,0x07,0x43,0x03,0x1F,0xD1,0x03,0xFA,0xA9,0x7F,
  0x6A,0xAA,0xAA,0xAA,0xAA,0xAA,0xAA,0xAB,0xFF,0xFF,0xFF,0xFF,0xAA,0xA9,0xA4,0x2A,0xAA,0x6A,0xAA,0xAA,
  0x10,0x6F,0xFF,0xFF,0xF0,0xCF,0xFF,0xFF,0xFF,0xF0,0x0D,0x07,0x43,0x01,0x3F,0xD0,0x03,0xFE,0xAA,0xA7,
  0x6A,0xAA,0xAA,0xAA,0xAA,0xAA,0xAA,0xAB,0xFF,0xFF,0xFF,0xFF,0xAA,0xAA,0xAA,0x0A,0xAA,0xA6,0xA9,0xAA,
  0x10,0x7F,0x7D,0x55,0x72,0xCF,0xFF,0xFF,0xFF,0xF4,0x07,0x03,0x43,0x05,0x3F,0xF0,0x03,0x5F,0xFE,0xAA,
  0xAA,0xAA,0xAA,0xAA,0xAA,0xAA,0xAA,0xA9,0xFF,0xFF,0xFF,0xF5,0xAA,0xAA,0xAA,0x48,0x2A,0xAA,0xAA,0x8A,
  0x77,0x77,0xF7,0xD5,0x71,0x5F,0xFF,0xFF,0xFF,0xF4,0x17,0x03,0x43,0xC4,0x7F,0xF4,0x03,0x7C,0x17,0xEA,
  0xAA,0xAA,0xAA,0xAA,0xAA,0xAA,0xAA,0xAA,0xAA,0xAA,0xAA,0xAA,0xAA,0xAA,0xAA,0x4A,0xAA,0xAA,0xAA,0xAA,
  0x00,0x3F,0x7F,0xD5,0x73,0x1F,0xFF,0xFF,0xFF,0xFC,0x73,0x03,0xC3,0xF4,0x7F,0xF4,0x03,0x70,0x31,0x7F,
  0xFF,0xFB,0xAA,0xAA,0xAA,0xAA,0xAA,0xEE,0xAA,0xEA,0xEB,0xAA,0xAA,0xAA,0xAA,0x4A,0xAA,0xAA,0xAA,0x22,
  0x00,0x3F,0x7F,0xD5,0x7B,0x1F,0xFF,0xFF,0xFF,0xFC,0xF3,0x0F,0x03,0xFC,0x7F,0xF4,0xC3,0x70,0x30,0xD7,
  0xCC,0xCF,0xAA,0xAA,0xAA,0xAA,0xEB,0xAA,0xBE,0xAF,0xAA,0xAA,0xAA,0xAA,0xAA,0x4A,0xAA,0xAA,0xAA,0xAA,
  0x00,0x7F,0xFF,0xD5,0x7C,0x1F,0xFF,0xFF,0xFF,0xFC,0xD3,0x3C,0x0F,0xFF,0xF7,0x7C,0xC3,0x70,0xF3,0x57,
  0xFF,0xFF,0xAA,0xAA,0xAA,0xAA,0xAA,0xAB,0xAA,0xAA,0xAA,0xAA,0xAA,0xAA,0xAA,0x0A,0xAA,0xAA,0xAA,0xA0,
  0x00,0x7F,0x7F,0xD5,0x78,0x1F,0xFF,0xFF,0xFF,0xF0,0x47,0xFF,0xF5,0x55,0x57,0xD7,0x7F,0xD5,0x55,0x57,
  0xAA,0xAB,0xAA,0xAA,0xAA,0xBE,0xAB,0xEA,0xAA,0xAB,0xAA,0xAA,0xAA,0xAA,0xA8,0x2A,0xAA,0xAA,0xAA,0x2A,
  0xDF,0xFF,0xF7,0xFF,0x5F,0xC0,0x00,0x00,0x00,0x0C,0x17,0x55,0x77,0x77,0xF5,0x5D,0xF5,0x75,0xFF,0xFE,
  0xAA,0xAB,0xAA,0xAA,0xEA,0xAB,0xBE,0xAA,0xAA,0x3B,0xEA,0xAA,0xAA,0xAA,0xAF,0xBE,0xAA,0xAA,0xAA,0xAA,
  0xAA,0xBF,0xFF,0xD5,0x7D,0x75,0x55,0x55,0x55,0x75,0x57,0x55,0x77,0xF5,0x57,0xF5,0x55,0x5F,0xAA,0xAA,
  0xAA,0xAA,0xAA,0xAA,0xAB,0xEA,0xAA,0xAA,0xAA,0xBB,0xC0,0xAA,0xAA,0xAA,0xAF,0xFA,0xAA,0xAA,0xA2,0xAA,
  0xAA,0xBF,0xFF,0xD5,0xF5,0xD5,0x7D,0x55,0x55,0xD5,0x57,0x7F,0x75,0x55,0xDD,0x55,0xFF,0xFE,0xAA,0xAA,
  0xAA,0xAA,0xAA,0xAE,0xAA,0xAE,0xAA,0xAA,0xAA,0x80,0xC8,0x0A,0xAA,0xAA,0xAA,0xAA,0xAA,0xAA,0xAA,0xAA,
  0xAA,0xAF,0xFF,0xD7,0xF7,0x57,0xF5,0x57,0xD7,0xFF,0xFF,0x15,0x75,0x57,0x7F,0xFF,0xEA,0xAA,0xAA,0xAA,
  0xAA,0xAA,0xAA,0xAA,0xBA,0xAA,0xAA,0xAA,0xAA,0x95,0x55,0x55,0x2A,0xAA,0xAA,0xAA,0xAA,0xAA,0xAA,0x80,
  0xAA,0xAB,0xFF,0xD7,0xFF,0xFF,0xFF,0xFF,0xFF,0xC0,0x15,0x5F,0x5F,0xFD,0x7A,0xAA,0xA2,0xAA,0xAA,0xAA,
  0xAA,0xAA,0xAB,0xAA,0xAB,0xAA,0xAA,0xAA,0xAA,0x84,0x44,0x40,0xAA,0xAA,0xAA,0xAA,0xAA,0xAA,0xAA,0xAA,
  0xAA,0xAA,0xFF,0xDF,0xFF,0x5F,0x7F,0xFF,0xDF,0xFF,0xD7,0xD5,0xFD,0x55,0xEA,0x8A,0xAA,0xAA,0xAA,0xAA,
  0xAA,0xAA,0xAA,0xAA,0xAA,0xAA,0xAA,0xAA,0xAA,0x80,0x00,0x02,0xAA,0xAA,0xAA,0xAA,0xAA,0xAA,0xAA,0xAA,
  0xAA,0xAA,0x8F,0xFF,0x0F,0xFF,0xF0,0x0F,0xFF,0xF0,0xD0,0xDF,0xD5,0xD7,0xAA,0xAA,0xAA,0xAA,0xAA,0xAA,
  0xAA,0xEA,0xAA,0xEA,0xAA,0xAA,0xAA,0xAA,0xAA,0xAA,0xAA,0xAA,0xAA,0xAA,0x8A,0xAA,0xAA,0xAA,0x2A,0xAA,
  0xAA,0xAA,0xA8,0xAF,0x00,0x00,0x0C,0xC0,0x00,0x00,0xD7,0xDF,0x7F,0xFE,0xAA,0x2A,0xAA,0xAA,0xAA,0xAA,
  0xAA,0xBA,0xBA,0xAB,0xAA,0xAA,0xAA,0xAA,0xAA,0xAA,0xAA,0xAA,0xAA,0xAA,0x2A,0xAA,0xAA,0xAA,0xAA,0x82,
  0xAA,0xAA,0xAA,0xAB,0xFF,0xFF,0xC0,0x3F,0xFF,0xFF,0xF7,0xD5,0xFA,0x2A,0xAA,0xAA,0xAA,0xAA,0xAA,0xAB,
  0xAE,0xAA,0xEA,0xBA,0xAA,0xAA,0xAA,0xAA,0xAA,0xAA,0xAA,0xAA,0xAA,0xAA,0xAA,0xAA,0xAA,0xAA,0xAA,0xAA,
  0xAA,0xAA,0xAA,0x8B,0x7F,0xFF,0xFF,0xFF,0xFF,0xFF,0xFF,0x7F,0xEA,0xA2,0xAA,0xAA,0xAA,0xAA,0xAA,0xAA,
  0xAA,0xAA,0xAA,0xAA,0xAA,0xAA,0xAA,0xAA,0xAA,0xAA,0xAA,0xAA,0xAA,0xAA,0xAA,0xAA,0xAA,0xAA,0xA2,0xAA,
  0xAA,0xAA,0xAA,0xAB,0x55,0x55,0x55,0x55,0x55,0x55,0x55,0xFA,0xAA,0xAA,0xAA,0xAA,0xAA,0xAA,0xAA,0xAA,
  0xAA,0xAA,0xAA,0xAA,0xAA,0xAA,0xAA,0xAA,0xAA,0xAA,0xAA,0xAA,0xAA,0xAA,0xAA,0xAA,0xAA,0xAA,0xAA,0xAA,
  0xAA,0xAA,0xAA,0xAB,0xFF,0xFF,0xFF,0xFF,0xFF,0xFF,0xFF,0xEA,0xAA,0xAA,0xAA,0xAA,0xAA,0xAA,0xAA,0xAA,
  0xAA,0xAA,0xAA,0xAA,0xAA,0xAA,0xAA,0xAA,0xAA,0xAA,0xAA,0xAA,0xAA,0xAA,0xAA,0xAA,0xAA,0xAA,0xAA,0xAA,
  0xAA,0xAA,0xAA,0xAA,0xAA,0xAA,0xAA,0xAA,0xAA,0xAA,0xAA,0xAA,0xAA,0xAA,0xAA,0xAA,0xAA,0xAA,0xAA,0xAA,
  0xAA,0xAA,0xAA,0xAA,0xAA,0xAA,0xAA,0xAA,0xAA,0xAA,0xAA,0xAA,0xAA,0xAA,0xAA,0xAA,0xAA,0xAA,0xA6,0x99,
  0xAA,0xAA,0xAA,0xAA,0xAA,0xAA,0xAA,0xAA,0xAA,0xAA,0xAA,0xAA,0xAA,0xAA,0xAA,0xAE,0xBA,0xBE,0xFA,0xBA,
  0xBF,0xAB,0xAA,0xAA,0xAA,0xAA,0xAA,0xAA,0xAA,0xAA,0xAA,0xAA,0xAA,0xAA,0xAA,0xAA,0xA9,0x98,0x95,0x59,
  0x6A,0xAA,0xAA,0xAA,0xAA,0xAA,0xAA,0xAA,0xAA,0xAA,0xAA,0xAA,0xAA,0xAA,0xAA,0xAA,0xAA,0xAA,0xAA,0xAA,
  0xAA,0xAA,0xAA,0xAA,0xAA,0xAA,0xAA,0xAA,0xAA,0xAA,0xAA,0xAA,0xAA,0xAA,0xAA,0xAA,0x66,0xA5,0x55,0x55,
  0x66,0xAA,0xAA,0xAA,0xAA,0xAA,0xAA,0xAA,0xAA,0xAA,0xAA,0xAA,0xAA,0xAA,0xAA,0xAA,0xAA,0xA9,0x9A,0x9A,
  0xA6,0x99,0x9A,0xAA,0xAA,0xAA,0xAA,0xAA,0xAA,0xAA,0xAA,0xAA,0xAA,0xA6,0x9A,0x59,0x55,0x55,0x55,0x55,
  0x96,0xAA,0xAA,0xAA,0xAA,0xAA,0xAA,0xAA,0xAA,0xAA,0xAA,0xAA,0xAA,0x9B,0xA9,0xA9,0xA5,0xA6,0x59,0x96,
  0x75,0x95,0x99,0x66,0xAA,0xA6,0xA9,0xAA,0x9A,0xAA,0xA6,0x99,0xA6,0x95,0x55,0x55,0x55,0x55,0x55,0x55,
  0x65,0xA6,0xAA,0xAA,0xAA,0xAA,0xAA,0xAA,0xAA,0xAA,0xAA,0xAA,0xA6,0x99,0xA5,0x99,0x69,0xD5,0x56,0x56,
  0x55,0x95,0x55,0x55,0x65,0xA5,0xA6,0x59,0xA6,0xA6,0x59,0xA9,0x55,0x55,0x55,0x55,0x55,0x55,0x55,0x55,
};
static const uint8_t scene0_fixed[97][3]={
  {0,1,2},{0,1,2},{0,1,2},{0,1,2},{0,1,2},{0,1,2},{0,1,2},{0,1,2},{0,1,2},{0,1,2},{0,1,2},{0,1,2},{0,1,2},{0,1,2},{0,1,2},{0,1,2},{0,1,2},{0,1,2},{0,1,2},{0,1,2},{0,1,2},{0,1,2},{0,1,2},{0,1,2},{0,1,2},{0,1,2},{0,1,2},{0,1,2},{0,1,2},{0,1,2},{0,1,2},{0,1,2},{0,1,2},{0,1,2},{0,1,2},{0,1,2},{0,1,2},{0,1,2},{0,1,2},{0,1,2},{0,1,2},{0,1,2},{0,1,2},{0,1,2},{0,1,2},{0,1,2},{0,1,2},{0,1,2},{0,1,2},{0,1,2},{0,1,2},{0,1,2},{0,1,2},{0,1,2},{0,1,2},{0,1,2},{0,1,2},{0,1,2},{0,1,2},{0,1,2},{0,1,2},{0,1,2},{0,1,2},{0,1,2},{0,1,2},{0,1,2},{0,3,2},{0,3,2},{0,3,2},{0,3,2},{0,3,2},{0,3,2},{0,3,2},{0,3,2},{0,3,2},{0,3,2},{0,3,2},{0,3,2},{0,3,2},{0,3,2},{0,3,2},{0,3,2},{0,3,2},{0,3,2},{0,3,2},{0,3,2},{0,3,2},{0,3,2},{4,3,2},{4,3,2},{5,3,2},{4,3,5},{4,3,2},{4,3,5},{4,3,5},{4,3,2},{4,3,2}};
static const SceneRun scene0_runs[190]={{54,6},{62,6},{56,6},{62,6},{113,7},{58,6},{114,7},{123,6},{155,7},{59,6},{116,7},{121,6},{154,7},{118,7},{120,6},{153,7},{120,6},{153,7},{120,6},{153,7},{137,6},{153,7},{137,6},{153,7},{138,6},{153,7},{153,7},{154,7},{155,7},{118,7},{119,7},{106,7},{120,6},{110,7},{120,6},{104,7},{120,6},{103,7},{124,6},{124,6},{123,6},{123,6},{136,6},{144,2},{123,6},{128,7},{136,6},{136,6},{123,6},{136,6},{22,6},{22,6},{21,6},{21,6},{158,7},{20,6},{128,7},{136,6},{20,6},{20,6},{13,6},{12,6},{10,6},{9,6},{15,6},{15,6},{14,6},{14,6},{20,6},{11,6},{130,7},{141,6},{10,6},{13,6},{70,8},{124,6},{130,7},{137,6},{148,2},{0,8},{10,6},{71,8},{102,7},{141,6},{155,7},{0,8},{10,6},{71,8},{102,7},{124,6},{147,2},{0,8},{10,6},{73,8},{103,7},{141,6},{157,7},{0,8},{10,6},{71,8},{141,6},{148,2},{0,8},{10,6},{71,8},{141,6},{1,8},{10,6},{67,8},{141,6},{0,8},{9,6},{68,8},{0,8},{9,6},{68,8},{130,7},{133,2},{0,8},{9,6},{68,8},{0,8},{9,6},{68,8},{102,7},{141,6},{0,8},{9,6},{97,8},{99,7},{0,8},{9,6},{94,8},{139,6},{0,8},{18,6},{90,8},{108,7},{143,6},{157,7},{0,8},{10,6},{0,8},{18,6},{0,8},{18,6},{144,2},{157,7},{18,6},{71,8},{141,6},{0,8},{18,6},{70,8},{141,6},{156,7},{0,8},{20,6},{70,8},{141,6},{0,8},{19,6},{70,8},{140,6},{158,7},{0,8},{19,6},{156,7},{21,6},{116,7},{121,6},{154,7},{117,7},{121,6},{44,6},{128,7},{37,6},{117,7},{121,6},{61,6},{117,7},{120,6},{9,6},{152,7},{11,6},{157,7},{25,6},{13,6},{154,7},{151,2}};
static const uint16_t scene0_run_ofs[98]={0,0,1,2,3,5,9,13,16,18,20,22,24,26,27,28,29,29,30,31,31,31,31,31,31,33,35,37,39,40,40,40,41,41,42,44,47,48,49,50,51,52,53,55,58,59,60,61,62,63,64,65,66,67,68,69,72,73,79,85,91,97,102,106,110,113,118,121,126,130,134,140,142,144,148,151,156,160,165,168,170,172,174,176,179,182,184,186,187,189,189,189,189,190,190,190,190,190};
static const SceneCol scene0_pal[9]={{104,104,104},{123,190,203},{4,4,4},{30,45,136},{119,72,11},{0,0,0},{211,211,211},{232,217,122},{82,132,13}};
static const uint8_t scene1_bits[3880]={
  0xAA,0xAA,0xAA,0xAA,0x2A,0xAA,0xAA,0xAA,0xAA,0xAA,0xAA,0xAA,0xAA,0xAA,0xAA,0xAA,0xAA,0xAA,0xAA,0xAA,
  0xAA,0xAA,0xAA,0xAA,0xAA,0xAA,0xAA,0xAA,0xAA,0xAA,0xAA,0xAA,0xAA,0xAA,0xAA,0xAA,0xAA,0xAA,0xAA,0xAA,
  0xAA,0xAA,0xAA,0xAA,0x2A,0xAA,0xAA,0xAA,0xAA,0xAA,0xAA,0xAA,0xAA,0xAA,0xAA,0xAA,0xAA,0xAA,0xAA,0xAA,
  0xAA,0xAA,0xAA,0xAA,0xAA,0xAA,0xAA,0xAA,0xAA,0xAA,0xAA,0xAA,0xAA,0xAA,0xAA,0xAA,0xAA,0xAA,0xAA,0xAA,
  0xAA,0xAA,0xAA,0xA2,0x22,0xAA,0xAA,0xAA,0xAA,0xAA,0xAA,0xAA,0xAA,0xAA,0xAA,0xAA,0xAA,0xAA,0xAA,0xAA,
  0xAA,0xAA,0xAA,0xAA,0xAA,0xAA,0xA9,0xAA,0xAA,0xAA,0xAA,0xAA,0xAA,0xAA,0xAA,0xAA,0xAA,0xAA,0xAA,0xAA,
  0xAA,0xAA,0xAA,0xA8,0x0A,0xAA,0xAA,0xAA,0xAA,0xAA,0xAA,0xAA,0xAA,0xAA,0xAA,0x8A,0xAA,0xAA,0xAA,0xAA,
  0xAA,0xAA,0xAA,0xAA,0xAA,0xAA,0xAB,0xAA,0xAA,0xAA,0xAA,0xAA,0xAA,0xAA,0xAA,0xAA,0xAA,0xAA,0xAA,0xAA,
  0xAA,0xAA,0xAA,0xA0,0x02,0xAA,0xAA,0xAA,0xAA,0xAA,0xAA,0xAA,0xAA,0xAA,0xAA,0x9A,0xAA,0xAA,0xAA,0xAA,
  0xAA,0xAA,0xAA,0xAA,0xAA,0xAA,0xAB,0xAA,0xAA,0xAA,0xAA,0xAA,0xAA,0xAA,0xAA,0xAA,0xAA,0xAA,0xAA,0xAA,
  0xAA,0xAA,0xAA,0xA0,0x02,0xAA,0xAA,0xAA,0xAA,0xAA,0xAA,0xAA,0xAA,0xAA,0xAA,0xBA,0xAA,0xAA,0xAA,0xAA,
  0xAA,0xAA,0xAA,0xAA,0xAA,0xAA,0xAB,0xAA,0xAA,0xAA,0xAA,0x56,0xAA,0xAA,0xAA,0xAA,0xAA,0xAA,0xAA,0xAA,
  0xAA,0xAA,0xAA,0xAA,0x4E,0xAA,0xAA,0xAA,0xAA,0xAA,0xAA,0xAA,0xAA,0xAA,0xAA,0xBA,0xAA,0xAA,0xAA,0xAA,
  0xAA,0xAA,0xAA,0xAE,0xAA,0xAA,0xEB,0xAA,0xAA,0xAA,0xA9,0x55,0xAA,0xAA,0xAA,0xAA,0xAA,0xAA,0xAA,0xAA,
  0xAA,0xAA,0xAA,0xAC,0xCE,0xAA,0xAA,0xAA,0xAA,0xAA,0xAA,0xAA,0xAA,0xAA,0xAA,0xBA,0xAA,0xAA,0xAA,0xAA,
  0xAA,0xAA,0xAA,0xAE,0xAA,0xAA,0xEB,0xAA,0xAA,0xAA,0x80,0x55,0x6A,0xAA,0xAA,0xAA,0xAA,0xAA,0xAA,0xAA,
  0xAA,0xAA,0xAA,0xAF,0xFE,0xAA,0xAA,0xAA,0xAA,0xAA,0xAA,0xAA,0xAA,0xAA,0xAA,0xBA,0xAA,0xAA,0xAA,0xAA,
  0xAA,0xAA,0xAA,0xAE,0xAA,0xAA,0xEB,0xAA,0xA8,0x08,0x01,0x50,0x00,0x00,0x88,0xAA,0xAA,0xAA,0xAA,0xAA,
  0xAA,0xAA,0xAA,0xAF,0xFE,0xAA,0xAA,0xEA,0xAA,0xAA,0xAA,0xAA,0xAA,0xAA,0xAA,0xBA,0xAA,0xAA,0xAA,0xAA,
  0xAA,0xEB,0xFF,0xFF,0xAA,0xAF,0xFF,0xFF,0xAA,0xAA,0x95,0x55,0x00,0xAA,0xAA,0xAA,0xAA,0xAA,0xAA,0xAA,
  0xAA,0xAA,0xAA,0xAB,0xFA,0xAA,0xAA,0xEA,0xAA,0xAA,0xAA,0xAA,0xAA,0xAA,0xAA,0xFE,0xAA,0xAA,0xAA,0xAA,
  0xAA,0xEF,0xFF,0xFF,0xAA,0xBF,0xFF,0xFF,0xAA,0xAA,0x94,0x55,0x5A,0xAA,0xAA,0xAA,0xAA,0xAA,0xAA,0xAA,
  0xAA,0xAA,0xAA,0xAF,0xFE,0xAA,0xAA,0xEA,0xAA,0xAA,0xAA,0xAA,0xAA,0xAA,0xAA,0xCE,0xAA,0xAA,0xAA,0xAA,
  0xAA,0xFF,0x7F,0x33,0xAA,0xFC,0x55,0x5F,0xAA,0xAA,0x90,0x15,0x5A,0xAA,0xAA,0xAA,0xAA,0xAA,0xAA,0xAA,
  0xAA,0xAA,0xAA,0xAB,0xFA,0xAA,0xAA,0xEA,0xAA,0xAA,0xAA,0xAA,0xAA,0xAA,0xAA,0xFE,0xAA,0xAA,0xAA,0xAA,
  0xAA,0xF3,0xFF,0xFF,0xAB,0xDF,0xFF,0xFF,0xAA,0xAA,0x94,0x15,0x5A,0xAA,0xAA,0xAA,0xAA,0xAA,0xAA,0xAA,
  0xAA,0xAA,0xAA,0xAB,0xF6,0xBA,0xAB,0xEA,0xBE,0xAA,0xAA,0xAA,0xAA,0xAA,0xAA,0xCE,0xAA,0xAA,0xAA,0xAA,
  0xAB,0xCF,0x57,0xFF,0xAF,0xFC,0xF4,0x5F,0xAA,0xAA,0x95,0x55,0x5A,0xAA,0xAA,0xAA,0xAA,0xAA,0xAA,0xAA,
  0xAA,0xAA,0xAA,0xAF,0x7E,0xBE,0xAB,0xEA,0xFA,0xAA,0xAA,0xAA,0xAA,0xAA,0xAA,0xCE,0xAA,0xAA,0xAA,0xAA,
  0xAB,0xFF,0xFF,0xFF,0xAF,0xFF,0xFF,0xFF,0xAA,0xA0,0x00,0x15,0x40,0x88,0x20,0x22,0xAA,0xAA,0xAA,0xAA,
  0xAA,0xAA,0xAA,0xAF,0xFF,0xAF,0xAB,0xEB,0xEA,0xAA,0xAA,0xAA,0xAA,0xAA,0xAA,0xFE,0xAA,0xAA,0xAA,0xAA,
  0xAB,0xFF,0xFF,0xDF,0xAF,0xFD,0x55,0xCF,0x80,0x00,0x00,0x00,0x0A,0xAA,0xAA,0xAA,0xAA,0xAA,0xAA,0xAA,
  0xAA,0xAA,0xAA,0xAF,0x77,0xAB,0xEF,0xFF,0xEA,0xAA,0xAA,0xAA,0xAA,0xAA,0xAA,0xCE,0xAA,0xAA,0xAA,0xAA,
  0xAB,0xFF,0xFF,0xFF,0xAF,0xDF,0xFF,0xFF,0xAA,0xAA,0x00,0x05,0xAA,0xAA,0xAA,0xAA,0xAA,0xAA,0xAA,0xAA,
  0xAA,0xAA,0xAA,0xAF,0xF7,0xAB,0xFF,0xFF,0xAB,0xEA,0xAA,0xAA,0xAA,0xAA,0xAB,0xFF,0xAA,0xAA,0xAA,0xAA,
  0xAB,0xFF,0x33,0xF3,0xAF,0x3C,0xCF,0x0F,0xAA,0xAA,0xAA,0x56,0xAA,0xAA,0xAA,0xAA,0xAA,0xAA,0xAA,0xAA,
  0xAA,0xAA,0xAA,0xAF,0x77,0xAA,0xFF,0xFF,0xFF,0xAA,0xAA,0xAA,0xAA,0xAA,0xAB,0xFF,0xAA,0xAA,0xAA,0xAA,
  0xAB,0xF3,0xFF,0xFF,0xAE,0xFF,0xFF,0xFF,0xAA,0xAA,0xAA,0xAA,0xAA,0xAA,0xAA,0xAA,0xA6,0xAA,0xAA,0xAA,
  0xAA,0xAA,0xAA,0xAB,0xF7,0xAA,0xFF,0xFF,0xFE,0xAA,0xAA,0xAA,0xAA,0xAA,0xAB,0xD7,0xAA,0xAA,0xAA,0xAA,
  0xAB,0xCF,0xFF,0x3F,0xAF,0xFF,0xC5,0x5F,0xAA,0xAA,0xAA,0xAA,0xAA,0xAA,0xAA,0xAA,0xAE,0xAA,0xAA,0xAA,
  0xAA,0xAA,0xAA,0xAB,0xF7,0xFE,0xFF,0xFF,0xFA,0xAA,0xAA,0xAA,0xAA,0xAA,0xAB,0x3F,0xAA,0xAA,0xAA,0xAA,
  0xAB,0xFF,0xFF,0xFF,0xAE,0xFF,0xFF,0xFF,0xAA,0xAA,0xAA,0xAA,0xAA,0xAA,0xAA,0xAA,0xAE,0x6A,0xAA,0xAA,
  0xAA,0xAA,0xAA,0xAA,0xF7,0xBF,0xF3,0x77,0xFA,0xAA,0xAA,0xAA,0xAA,0xAA,0xAB,0xF3,0xAA,0xAB,0xFF,0xEA,
  0xAB,0xF7,0x11,0xD3,0xAF,0xFC,0xFC,0xFF,0xAA,0xAA,0xAA,0xAA,0xAA,0xAA,0xAA,0xAA,0xAE,0xEA,0xAA,0xAA,
  0xAA,0xAA,0xAA,0xAA,0xD7,0xEF,0xCF,0xFD,0xFF,0xAA,0xAA,0xAA,0xAA,0xAA,0xAB,0x3F,0xAA,0xAB,0xFF,0xEA,
  0xAB,0xDF,0xFF,0xFF,0xAE,0xFF,0x7F,0xFF,0xAA,0xAA,0xAA,0xAA,0xAA,0xAA,0xAA,0xAA,0xBE,0xFA,0xAA,0xAA,
  0xAA,0xAA,0xAA,0xAA,0xD7,0xEB,0xFC,0x7F,0xFA,0xAA,0xAA,0xAA,0xAA,0xAA,0xAB,0xD7,0xAA,0xAB,0xD5,0xEA,
  0xAB,0xF7,0xFF,0x3F,0xAF,0xFF,0xCD,0x5F,0xAA,0xAA,0xAA,0xAA,0xAA,0xAA,0xAA,0xAA,0xBF,0xFA,0xAA,0xAA,
  0xAA,0xAA,0xAA,0xAA,0xD5,0xEA,0xF0,0x57,0xEA,0xAA,0xAA,0xAA,0xAA,0xAA,0xAB,0xFF,0xAA,0xAB,0xFF,0xEA,
  0xAB,0xDF,0xFF,0xFF,0xAE,0xDF,0xFF,0xFF,0xAA,0xAA,0xAA,0xAA,0xAA,0xAA,0xAA,0xAA,0xB7,0x7A,0xAA,0xAA,
  0xAA,0xAA,0xAA,0xAA,0xD5,0xFF,0xFF,0x7D,0xEA,0xAA,0xAA,0xAA,0xAA,0xAA,0xAB,0xFF,0xAA,0xAB,0x5D,0xEA,
  0xAF,0xFF,0xD3,0x33,0xAF,0x7F,0x57,0x7F,0xAA,0xAA,0xAA,0xAA,0xAA,0xAA,0xAA,0xAA,0xBF,0xFA,0xAA,0xAA,
  0xAA,0xAA,0xAA,0xAA,0xC5,0xEF,0xF3,0x71,0xFF,0xAA,0xAA,0xAA,0xAA,0xAA,0xAB,0xDF,0xAA,0xAB,0xFF,0xEA,
  0xBF,0xFF,0xFF,0xFF,0xAF,0xFF,0xFF,0xFF,0xAA,0xAA,0xAA,0xAA,0xAA,0xAA,0xAA,0xAA,0xB9,0x7A,0xAA,0xAA,
  0xAA,0xAA,0xAA,0xAA,0xC5,0xEA,0xF3,0x57,0xFA,0xAA,0xAA,0xAA,0xAA,0xAA,0xAB,0xFF,0xAA,0xAB,0x7D,0xEA,
  0xBF,0xFF,0x3D,0xFF,0xAE,0xFF,0xCF,0xCF,0xAA,0xAA,0xAA,0xAA,0xAA,0xAA,0xAA,0xAA,0xBF,0xFA,0xAA,0xAA,
  0xAA,0xAA,0xAA,0xAA,0xC5,0xEA,0xF3,0xD7,0xAA,0xAA,0xAA,0xAA,0xAA,0xAA,0xAB,0xF3,0xAA,0xAB,0xFF,0xEA,
  0xB0,0xFF,0xDF,0xF7,0xAF,0x7F,0xFF,0xFF,0xAA,0xAA,0xAA,0xAA,0xAA,0x9A,0xAA,0xAA,0xB6,0xBA,0xAA,0xAA,
  0xAA,0xAA,0xAA,0xAA,0xC5,0x7A,0xF0,0x57,0xAA,0xAA,0xAA,0xAA,0xAA,0xAA,0xAB,0x3F,0xAA,0xAB,0xDF,0xEA,
  0xB7,0xF7,0xFF,0x3F,0xAF,0xFD,0xF5,0x5F,0xAA,0xAA,0xAA,0xAA,0xAA,0x8A,0xAA,0xAA,0xBF,0xFA,0xAA,0xAA,
  0xAA,0xAA,0xAA,0xAA,0xF5,0x7A,0xBF,0xF7,0xAA,0xAA,0xAA,0xAA,0xAA,0xAA,0xAB,0xFF,0xAA,0xAB,0xFF,0xEA,
  0xB4,0xDF,0xFF,0xFF,0xAE,0xDF,0xFF,0xFF,0xAA,0xAA,0xAA,0xAA,0xAA,0xCA,0x6A,0xAA,0xB5,0x7A,0xAA,0xAA,
  0xAA,0xAA,0xAA,0xAA,0xB1,0x7A,0xBC,0xD7,0xAA,0xAA,0xAA,0xAA,0xAA,0xAA,0xAB,0xCF,0xAA,0xAB,0x3C,0xEA,
  0xBF,0xF7,0xF3,0xFF,0xAF,0x7F,0x75,0x7F,0xAA,0xAA,0xAA,0xAA,0xAA,0xCB,0x2A,0xAA,0xBF,0xFA,0xAA,0xAA,
  0xAA,0xAA,0xAA,0xAA,0xB1,0x7A,0xAC,0x5E,0xAA,0xAA,0xAA,0xAE,0xAA,0xAA,0xAB,0x3F,0xAA,0xAB,0xD7,0xEA,
  0xB4,0xDF,0xFF,0xFF,0xAE,0xFF,0xFF,0xFF,0xAA,0xAA,0xAA,0xAA,0xAA,0xFB,0x2A,0xAA,0xB6,0x3A,0xAA,0xAA,
  0xAA,0xAA,0xAA,0xAA,0xB1,0x5A,0xAF,0xFE,0xAA,0xAA,0xAA,0xAE,0xAA,0xAA,0xAB,0xC3,0xAA,0xAB,0x0C,0xEA,
  0xBD,0xFF,0xFF,0xD3,0xAF,0xDC,0xFC,0xCF,0xAA,0xAA,0xAA,0xAA,0xAA,0xCB,0x2A,0xAA,0xBF,0xFA,0xAA,0xAA,
  0xAA,0xAA,0xAA,0xAA,0xB0,0x5D,0xAF,0x5E,0xAA,0xAA,0x9A,0xAE,0xEA,0xAA,0xAB,0xFF,0xAA,0xAB,0xF7,0xEA,
  0xB7,0xFF,0xFF,0xFF,0xAF,0x7F,0xFF,0xFF,0xAA,0xAA,0xAA,0xAA,0xAA,0xCB,0x2A,0xAA,0xB5,0xBA,0xAA,0xAA,
  0xAA,0xAA,0xAA,0xAA,0xBC,0x59,0x73,0x5E,0xAA,0xAB,0xBA,0xAE,0xEA,0xAA,0xAF,0xC0,0xEA,0xAB,0x10,0xEA,
  0xB5,0xF7,0x3D,0x7F,0xAE,0xFF,0x7F,0x5F,0xAA,0xAA,0xAA,0xAA,0xAA,0xCB,0x2A,0xAA,0xBF,0xFA,0xAA,0xAA,
  0xAA,0xAA,0xAA,0xAA,0xBC,0x5D,0x73,0x56,0xAA,0xAB,0xBA,0xAE,0xEA,0xAA,0xAF,0x3F,0xEA,0xAB,0xFD,0xEA,
  0xBF,0xDF,0xFF,0xFF,0xAF,0xFF,0xFF,0xFF,0xAA,0xAA,0xAA,0xAA,0xAA,0xFB,0x2A,0xAA,0xB1,0x3A,0xAA,0xAA,
  0xAA,0xAA,0xAA,0xAA,0xAC,0x5D,0x70,0xD7,0x2A,0xAB,0xFA,0xAE,0xEA,0xAA,0xAC,0xFF,0xEA,0xAB,0x30,0xEA,
  0xBF,0xFF,0x11,0x33,0xEF,0xDC,0xF7,0xCF,0xAA,0xAA,0xAA,0xAA,0xA9,0xCB,0x2A,0xAA,0xBF,0xFA,0xAA,0xAA,
  0xAA,0xAA,0xAA,0xAA,0xAC,0x71,0x74,0x1F,0x6A,0xAF,0xDE,0xBF,0xFA,0xAA,0xF7,0x0C,0xCA,0xAB,0xFF,0xEA,
  0xBF,0xFF,0xFF,0xFF,0xEE,0x7F,0xFF,0xFF,0xAA,0xAA,0xAA,0xAA,0xAC,0xCB,0x2A,0xAA,0xB9,0xFA,0xAB,0xFE,
  0xAA,0xAA,0xAA,0xAA,0xAC,0x71,0xD5,0x7F,0x5E,0xAC,0xCE,0xB5,0xFA,0xAA,0xFF,0xFF,0xFE,0xAB,0xFD,0xE9,
  0xB3,0xF7,0x3F,0xFF,0xEF,0xFF,0xCD,0x7F,0xAA,0xAA,0xAA,0xAA,0xAC,0xCB,0x2A,0xAA,0xBF,0xFA,0xAB,0xFE,
  0xAA,0xAA,0xAA,0xAA,0xAF,0xC5,0xD5,0xFC,0x5E,0xEF,0xFE,0xBF,0xFA,0xAB,0xCC,0xFF,0xCE,0xAB,0xDF,0xEB,
  0xBF,0xDF,0xFF,0xFF,0xEF,0x7F,0xFF,0xFF,0xAA,0xAA,0xAA,0xAB,0xFF,0xFF,0xFF,0xAA,0xB9,0x7A,0xAF,0x16,
  0xAA,0xAA,0xAA,0xAA,0xAF,0x05,0x57,0xF1,0x57,0xEF,0x5E,0xBD,0x7B,0xAF,0xFF,0xFF,0xFE,0xBF,0xFC,0xEB,
  0xBF,0xFF,0xF5,0xDF,0xEF,0xFC,0xCF,0xCF,0xAA,0xAA,0xAA,0xAC,0x00,0x00,0x03,0xAA,0xBF,0xFA,0xAF,0xFE,
  0xAA,0xAA,0xAA,0xA8,0xAF,0x17,0x57,0xC5,0x53,0xCF,0xFF,0xFF,0xFF,0xEF,0xC7,0xF3,0x4E,0xBF,0xD3,0xEB,
  0xBF,0xFF,0xFF,0xFF,0xEE,0xFF,0xFF,0xFF,0xAA,0xAA,0xAA,0xBF,0xFF,0xFF,0xFF,0xAA,0xB5,0xFA,0xAF,0x32,
  0xAA,0xAA,0xAA,0xAB,0xAF,0x1C,0x5F,0x17,0x57,0xDD,0xCF,0xF0,0x35,0xEC,0xFF,0xFF,0xFE,0xB7,0xFF,0xED,
  0xB0,0xF7,0x33,0xF3,0xEE,0xDF,0x75,0xCF,0xAA,0xAA,0xAA,0xBC,0x00,0x00,0x03,0xAA,0xFF,0xFA,0xAF,0x52,
  0xAA,0xAA,0xAA,0xAB,0xAF,0x3C,0x7F,0x15,0x55,0xFF,0xFF,0xFF,0xFF,0xEF,0xC3,0x5F,0x5E,0xBF,0xFF,0xFD,
  0xF3,0xDF,0xFF,0xFF,0xEF,0x7F,0xFF,0xFF,0xEA,0xAA,0xAA,0xBF,0xFF,0xFF,0xFF,0xAA,0xF7,0x7A,0xAF,0xFE,
  0xAA,0xAA,0xAA,0xAB,0xAF,0x31,0xFC,0x5D,0x54,0xDC,0xCF,0xF0,0x30,0xEC,0xFF,0xFF,0xFE,0xBF,0x5D,0xF5,
  0x77,0xF7,0xC3,0x53,0xEF,0xFC,0xFC,0xCF,0xEA,0xAA,0xAA,0xBC,0x00,0x00,0x03,0xAA,0xFF,0xFA,0xAF,0x7E,
  0xAA,0xAA,0xAA,0xBF,0xFF,0x01,0xF1,0x55,0xD4,0xFF,0xFF,0xFF,0xFF,0xEF,0xC7,0x74,0xCE,0xB7,0xFF,0xFF,
  0xFF,0xDF,0xFF,0xFF,0xEF,0xDF,0xFF,0xFF,0xEA,0xAA,0xAA,0xBF,0xFF,0xFF,0xFF,0xAA,0xF2,0xBA,0xAF,0x72,
  0xAA,0xAA,0xAA,0xBF,0xFF,0x03,0xC5,0x55,0x55,0xCC,0x0F,0xF3,0x0F,0xEF,0xFF,0xFF,0xFE,0xBF,0xFF,0xF0,
  0x3F,0xFF,0x1F,0xF3,0xEF,0xFD,0x77,0x7F,0xFE,0xAA,0xAA,0xBC,0x00,0x00,0x03,0xAA,0xFF,0xFA,0xAF,0xFE,
  0xAA,0xAA,0xAA,0xB7,0xD3,0x03,0x05,0x55,0xF5,0xFF,0xFF,0xFF,0xFF,0xEF,0xDD,0xFF,0x5E,0xBF,0x45,0xFF,
  0xF3,0xFF,0xFF,0xCF,0xFF,0xFF,0xFF,0xFF,0xFE,0xAA,0xAA,0xBF,0xFF,0xFF,0xFF,0xAA,0xFF,0x3A,0xAF,0xCE,
  0xAA,0xAA,0xAA,0xBF,0xFF,0x0F,0x05,0x55,0xCD,0x3C,0x37,0xF0,0xC0,0xEC,0xFF,0xFF,0xFE,0xB7,0xFF,0xF0,
  0x3F,0xF7,0x7D,0xF3,0xCF,0x7C,0xCF,0x0F,0xFB,0xFF,0xAA,0xBC,0x00,0x00,0x03,0xAA,0xFF,0xFA,0xAF,0x72,
  0xAA,0xAA,0xAA,0xB3,0x73,0xFC,0x15,0xD5,0xC3,0x3F,0xD5,0xFF,0xFF,0xEF,0xD3,0x5F,0xCE,0xBF,0xFF,0xFF,
  0xF0,0xDF,0xF7,0xFF,0xFF,0xFF,0xFF,0xFF,0xEC,0x37,0xBF,0xFF,0xFF,0xFF,0xFF,0xAA,0xF5,0xFA,0xAF,0xF7,
  0xAA,0xAA,0xAA,0xBF,0xFF,0xF0,0x15,0x45,0xC5,0x1F,0x5D,0x7F,0x3C,0xEF,0xFF,0xFF,0xFF,0xB7,0x71,0xF0,
  0x3D,0xFF,0xFF,0x33,0xFF,0x7C,0x40,0xCF,0xF3,0xFF,0xBB,0xFC,0x00,0x00,0x03,0xAA,0xFF,0xFA,0xAF,0xCF,
  0xAA,0xAA,0xAA,0xB7,0xD3,0xF0,0xD5,0xD7,0xD5,0x5D,0x57,0x5F,0xFF,0xEF,0xDC,0xFC,0xCF,0xBF,0xFF,0xFF,
  0xF5,0xDF,0x7D,0xFF,0xFF,0xDF,0xF3,0xFF,0xCF,0xFF,0xBF,0xFF,0xFF,0xFF,0xFF,0xFE,0xF3,0x7F,0xAF,0x37,
  0xAE,0xAB,0xAA,0xBF,0xFF,0xC0,0xD7,0x57,0xD5,0xF5,0x55,0x7C,0xDF,0xEC,0xFF,0xFF,0xFF,0xB7,0xDD,0xF0,
  0x37,0xF7,0xCF,0xCF,0xCF,0x7F,0xFF,0xFF,0xFC,0xD3,0xBB,0xFC,0x00,0x00,0x03,0xAE,0xFF,0xFF,0xAF,0x4F,
  0xAE,0xAB,0xAA,0xBF,0xC5,0xC0,0xD4,0x57,0xD5,0xD5,0x55,0xDF,0xFF,0xEF,0xD4,0xDF,0x5F,0xBF,0x7C,0xFF,
  0xFF,0xDF,0xFF,0xFF,0xFF,0xFF,0x3F,0x3F,0xFF,0xFF,0xFF,0xFF,0xFF,0xFF,0xFF,0xFF,0xFD,0x3F,0xAF,0xFF,
  0xAE,0xAE,0xEA,0xBF,0x3F,0xC3,0x5D,0x57,0xD5,0xF5,0x5F,0x5F,0x70,0xEC,0xFF,0xFF,0xFF,0xBF,0xFF,0xF0,
  0x30,0xFF,0x73,0xDF,0xCF,0xFD,0x41,0x1F,0xFF,0xFF,0xFF,0xFC,0x00,0x00,0x03,0xAF,0xFF,0xFD,0xAF,0x03,
  0xBF,0xAD,0xEA,0xB7,0xCC,0xC3,0x51,0x5F,0xF5,0xF5,0x7F,0xFF,0xFF,0xFF,0xDD,0x3C,0xCF,0xFF,0x74,0xFF,
  0xF7,0xFF,0xFF,0xFF,0xCF,0xDF,0xFF,0xFF,0xFD,0x0F,0xF7,0xFF,0xFF,0xFF,0xFF,0xFF,0xF3,0xFF,0xEF,0x7F,
  0xB7,0xAF,0xEA,0xBF,0xFF,0xC3,0x75,0x5F,0x75,0xFD,0xFD,0xFF,0xFF,0xFF,0xDF,0xFF,0xFF,0xFF,0x3F,0xF0,
  0x3F,0xF7,0x3D,0xF3,0xFF,0x7C,0xF4,0xFF,0xF3,0xFF,0xF7,0xFC,0x00,0x00,0x03,0xFF,0xFF,0xFD,0xEF,0xDF,
  0xBF,0xBE,0xEA,0xB7,0x4C,0xC3,0x75,0x7C,0x35,0x7F,0xF7,0xFF,0xFF,0xFF,0xFF,0xFF,0x7F,0xFF,0xFF,0xFF,
  0xF0,0xDF,0xD4,0x13,0xCF,0xFF,0x3F,0x7F,0xCF,0xF3,0xFF,0xFF,0xFF,0xFF,0xFF,0x5D,0xF3,0x3F,0xEF,0x13,
  0xBB,0xBF,0xEA,0xBF,0xFF,0xC0,0x55,0xFC,0x3D,0x3F,0xDD,0x70,0x1C,0xFF,0xFF,0xFF,0xFF,0xFF,0x33,0xF0,
  0x3D,0xFF,0xFF,0x33,0xFF,0xFC,0xCC,0xCF,0xFF,0xFF,0xF7,0xFC,0x00,0x00,0x03,0xFF,0xFF,0xFF,0xEF,0xFF,
  0xBF,0xB1,0xEA,0xBF,0xFF,0xCC,0xD5,0xCD,0x3C,0x0D,0xF5,0xFF,0xFF,0xFF,0xDC,0x1C,0x3F,0xF3,0x0C,0xFF,
  0xFF,0xFF,0x7F,0xFF,0xCF,0xFC,0xFF,0xFF,0xFD,0xCF,0xFF,0xFF,0xFF,0xFF,0xFF,0xD7,0xF5,0xFD,0xFF,0x3F,
  0xFB,0xBC,0xEA,0xB1,0xC0,0xEC,0xC7,0xCD,0x3F,0xCF,0xD7,0xF0,0xF7,0xFF,0xDF,0xFF,0xFF,0xF3,0xFF,0xF0,
  0x35,0xFF,0x51,0x17,0xDF,0xFF,0x4C,0x4F,0xF3,0xFF,0xF7,0xFC,0x00,0x00,0x03,0x7F,0xFF,0xFD,0xFF,0xC3,
  0xF7,0xB3,0xEA,0xBF,0xFF,0xF1,0x57,0x0D,0x3F,0xF0,0x3F,0xFF,0xFF,0xFC,0xFF,0xCC,0xCF,0xFF,0x75,0xFF,
  0xFF,0xFF,0xFF,0xFF,0xFF,0x7F,0x7F,0xFF,0xCD,0xFF,0xFF,0xFF,0xFF,0xFF,0xFF,0xFF,0xF5,0x3F,0xFF,0x3F,
  0xFB,0xB5,0xEA,0xBF,0xFC,0xC0,0x17,0x31,0x3F,0xFF,0xCF,0xF3,0xCC,0xFF,0xFF,0xFF,0xFF,0xF3,0x0F,0xF0,
  0x3F,0xF7,0x30,0x33,0xFF,0xFD,0x04,0xCF,0xFF,0xC7,0xF7,0xFC,0x00,0x00,0x03,0x5D,0xFF,0xFD,0xFF,0xF3,
  0x7B,0xBA,0xEF,0xBF,0xFF,0xC3,0x1F,0x31,0x7C,0x15,0x0F,0xFF,0xFF,0xFF,0xD4,0xD3,0xCF,0xFF,0x33,0xFF,
  0xF0,0xDF,0xDF,0xDF,0xDF,0xFF,0xFF,0x7F,0xFC,0xFF,0xFF,0xFF,0xFF,0xFF,0xFF,0xFF,0xFF,0xFF,0xFF,0x0F,
  0xFB,0xB5,0xEF,0xB1,0xC0,0xC3,0x1C,0x75,0x4C,0xDD,0xCF,0xFC,0x4C,0xFC,0xFF,0xFC,0xFF,0xFF,0x30,0xF0,
  0x3F,0xF7,0x5D,0x73,0xFF,0xFC,0x70,0xCF,0xFF,0xFF,0xF7,0xFF,0x57,0x57,0x53,0xD7,0xFF,0xFF,0xFF,0xFF,
  0xFF,0xFF,0xFF,0x7F,0xFF,0xC3,0x1C,0x75,0x4C,0xC7,0x77,0xFF,0xCF,0xFF,0xD7,0x0C,0x0F,0xF7,0xCF,0xFF,
  0xF7,0xFF,0xF7,0xF7,0xDF,0xDF,0xF7,0xFF,0xFF,0xFF,0xFF,0xF7,0xFF,0xFF,0xFF,0xFF,0xFF,0xFF,0xFF,0xFF,
  0xEA,0xAA,0xD0,0xF3,0xDC,0xC3,0x5C,0x75,0x4F,0x05,0x7F,0xF5,0x7C,0xFC,0xFF,0xFF,0xFF,0xF3,0xFC,0xF0,
  0x3F,0xF7,0x03,0x33,0xFF,0x5D,0xCF,0x4F,0xFC,0x33,0x77,0x77,0x77,0x77,0x77,0x77,0x77,0x77,0x77,0x77,
  0xAA,0xFD,0x7F,0xFF,0xFF,0xCF,0x7C,0x75,0x5F,0xC5,0x77,0xFF,0xFF,0xFF,0xF0,0xC3,0xFF,0xFF,0x77,0x7D,
  0xFF,0xFF,0xFF,0xFF,0xAF,0xFF,0xFF,0xFF,0x7F,0xFF,0x70,0xF7,0x33,0x3F,0x3F,0x37,0xFF,0xFF,0xFF,0xFF,
  0xAA,0xBF,0x14,0x1C,0x45,0xCF,0x71,0x75,0x5F,0x3D,0xFF,0xFF,0xFF,0xEF,0xFF,0xFF,0xFF,0xFF,0xFF,0xFC,
  0x55,0xFF,0xFF,0xFD,0xF5,0xFF,0xFF,0xFF,0xFF,0xFF,0x7F,0x37,0x3F,0xF3,0xF3,0xFF,0xFF,0xFF,0xFF,0xFF,
  0xAA,0xAB,0xFA,0xA2,0x02,0xCC,0x71,0xF5,0x5C,0xC0,0xD1,0x50,0x44,0x55,0x15,0x57,0xF4,0x41,0x44,0x41,
  0xF1,0x11,0x05,0x55,0x5F,0x51,0x51,0x54,0x15,0x57,0x55,0x51,0x55,0x57,0xD9,0x55,0xF5,0x55,0xF5,0x55,
  0xAA,0xAA,0xAA,0xAA,0xAA,0xCC,0x71,0xF5,0x5C,0xC3,0xAA,0xAA,0xAA,0xAA,0x8A,0x35,0x57,0xFE,0xAF,0xFF,
  0xAA,0xAA,0xAA,0xAA,0xAA,0xAA,0xAA,0xAA,0xAA,0xAA,0xA9,0x9E,0xF8,0x00,0x03,0xFE,0xAA,0xAA,0xAA,0xA6,
  0xAA,0xAA,0xAA,0x88,0x22,0xF0,0x75,0xD5,0x5F,0xFE,0xAA,0x02,0x0A,0xAA,0x88,0xBF,0xFE,0xAA,0x02,0x2A,
  0xAA,0xAA,0x08,0x22,0xAA,0xA8,0x82,0x2A,0xA6,0xAA,0xAA,0xAA,0x80,0x00,0x00,0x01,0xA2,0x2A,0xAA,0x4A,
  0xAA,0xAA,0xAA,0xA2,0x8A,0xF0,0xF7,0xD5,0x5F,0xFA,0xA2,0x88,0xAA,0xAA,0xAA,0xAA,0xAA,0xAA,0x8A,0x2A,
  0xAA,0xAA,0x22,0x8A,0xAA,0xA8,0xA8,0x8A,0xB3,0xAA,0xAA,0xA8,0xBF,0xFF,0xFF,0xFF,0xA5,0xAA,0xAA,0x22,
  0xAA,0xAA,0xAA,0xAA,0xAA,0xF0,0xC7,0xD5,0x5F,0xEA,0xAA,0xAA,0x22,0xAA,0x08,0x18,0x8A,0xAA,0xAA,0xAA,
  0xAA,0xAA,0xAA,0xAA,0xAA,0xAA,0xAA,0xAA,0x80,0xAA,0xAA,0xAA,0xAA,0xAA,0xAA,0xAA,0xAA,0xAA,0xAA,0xAA,
  0xAA,0xAA,0xAA,0xA0,0x88,0xF0,0xCF,0xD5,0xEF,0xAA,0xAA,0xAA,0xAA,0xAA,0xAA,0xAA,0xAA,0xAA,0x22,0xAA,
  0xAA,0xAA,0x20,0x22,0xAA,0xA8,0x8A,0x0A,0x80,0xAA,0xAA,0xAA,0xAA,0xAA,0xAA,0xAA,0xA6,0x6A,0xAA,0xAA,
  0xAA,0xAA,0xAA,0xAA,0xAA,0xF0,0xDF,0x57,0xCF,0xAA,0xAA,0xAA,0xAA,0xAA,0xAA,0xAA,0xAA,0xAA,0xAA,0xAA,
  0xAA,0xAA,0xAA,0xAA,0xAA,0xAA,0xAA,0xAA,0xA6,0xAA,0xAA,0xAA,0xAA,0xAA,0xAA,0xAA,0xAA,0xAA,0xAA,0xAA,
  0xAA,0xAA,0xAA,0xAA,0xAA,0xF3,0xDD,0x57,0xCE,0xAA,0xAA,0xAA,0xAA,0xAA,0xAA,0xAA,0xAA,0xAA,0xAA,0xAA,
  0xAA,0xAA,0xAA,0xAA,0xAA,0xAA,0xAA,0xAA,0xA6,0xAA,0xAA,0xAA,0xAA,0xAA,0x8A,0xAA,0xAA,0xAA,0xAA,0xAA,
  0xAA,0xAA,0xAA,0x88,0x22,0xF3,0xDD,0xD7,0xCE,0xAA,0x82,0x22,0x26,0xAA,0x60,0xA2,0x22,0xAA,0x22,0x2A,
  0xAA,0xAA,0x24,0xA2,0xAA,0xA9,0x28,0x8A,0xA6,0xAA,0xAA,0xAA,0xAA,0xA2,0xAA,0xAA,0xA0,0x2A,0xAA,0x42,
  0xAA,0xAA,0xAA,0xAA,0xAA,0xFF,0x9F,0xD7,0xCE,0xAA,0xAA,0xAA,0xAA,0xAA,0xAA,0xAA,0xAA,0xAA,0xAA,0xAA,
  0xAA,0xAA,0xAA,0xAA,0xAA,0xAA,0xAA,0xAA,0xA6,0xAA,0xAA,0xAA,0xAA,0xAA,0xAA,0xAA,0xAA,0xAA,0xAA,0xAA,
  0xAA,0xAA,0xAA,0xAA,0xAA,0xFF,0x97,0x57,0xCE,0xAA,0xAA,0xAA,0xAA,0xAA,0xAA,0xAA,0xAA,0xAA,0xAA,0xAA,
  0xAA,0xAA,0xAA,0xAA,0xAA,0xAA,0xAA,0xAA,0xA6,0xAA,0xAA,0xAA,0xAA,0xAA,0xAA,0xAA,0xAA,0xAA,0xAA,0xAA,
  0xAA,0xAA,0xAA,0xAA,0xAA,0xFF,0x97,0x57,0xCE,0xAA,0xAA,0xAA,0xAA,0xAA,0xAA,0xAA,0xAA,0xAA,0xAA,0xAA,
  0xAA,0xAA,0xAA,0xAA,0xAA,0xAA,0xAA,0xAA,0xA6,0xAA,0xAA,0xAA,0xAA,0xAA,0xAA,0xAA,0xAA,0xAA,0xAA,0xAA,
  0xAA,0xAA,0xAA,0xAA,0xAA,0xFF,0x57,0x57,0xCE,0xAA,0xAA,0xAA,0xAA,0xAA,0xAA,0xAA,0xAA,0xAA,0xAA,0xAA,
  0xAA,0xAA,0xAA,0xAA,0xAA,0xAA,0xAA,0xAA,0xA6,0xAA,0xAA,0xAA,0xAA,0xAA,0xAA,0xAA,0xAA,0xAA,0xAA,0xAA,
  0xAA,0xAA,0xAA,0xAA,0xAA,0xB9,0xD9,0x57,0x3A,0xAA,0xAA,0xAA,0xAA,0xAA,0xAA,0xAA,0xAA,0xAA,0xAA,0xAA,
  0xAA,0xAA,0xAA,0xAA,0xAA,0xAA,0xAA,0xAA,0xA6,0xAA,0xAA,0xAA,0xAA,0xAA,0xAA,0xAA,0xAA,0xAA,0xAA,0xAA,
  0xAA,0xAA,0xAA,0xAA,0xAA,0xBF,0xD4,0x5C,0x3A,0xAA,0xAA,0xAA,0xAA,0xAA,0xAA,0xAA,0xAA,0xAA,0xAA,0xAA,
  0xAA,0xAA,0xAA,0xAA,0xAA,0xAA,0xAA,0xAA,0xA6,0xAA,0xA9,0x85,0xAA,0xAA,0xAA,0xAA,0xAA,0xAA,0xAA,0xAA,
  0xAA,0xAA,0xAA,0x20,0xA2,0xBF,0xD7,0x5C,0x7A,0xAA,0x24,0x22,0x61,0xA8,0x88,0x48,0x9A,0xA8,0x82,0x0A,
  0xAA,0xA8,0x22,0x68,0xAA,0xA4,0x86,0x05,0xA6,0xAA,0xAA,0xAA,0xAA,0xAA,0xAA,0xAA,0xA6,0x1A,0xAA,0x66,
  0xAA,0xAA,0xAA,0xAA,0xAA,0xBF,0xD7,0x5D,0x7A,0xAA,0xAA,0xAA,0xAA,0xAA,0xAA,0xAA,0xAA,0xAA,0xAA,0xAA,
  0xAA,0xAA,0xAA,0xAA,0xAA,0xAA,0xAA,0xAA,0x95,0xAA,0x9A,0x59,0x9A,0xAA,0xAA,0xAA,0xAA,0xAA,0xAA,0xAA,
  0xAA,0xAA,0xAA,0xAA,0xAA,0xBF,0xD7,0x5D,0x7A,0xAA,0xAA,0xAA,0xAA,0xAA,0xAA,0x22,0xAA,0xAA,0xAA,0xAA,
  0xAA,0xAA,0xAA,0xAA,0xAA,0xAA,0xAA,0xAA,0x9D,0xAA,0xAA,0xAA,0xAA,0xAA,0xAA,0xAA,0xAA,0xAA,0xAA,0xAA,
  0xAA,0xAA,0xAA,0xAA,0xAA,0xAC,0x17,0x5D,0x6A,0xAA,0xAA,0xAA,0xAA,0xAA,0xAA,0xAA,0xAA,0xAA,0xAA,0xAA,
  0xAA,0xAA,0xAA,0xAA,0xAA,0xAA,0xAA,0xAA,0x95,0xAA,0xA5,0x9A,0x6A,0xAA,0xAA,0xAA,0xAA,0xAA,0xAA,0xAA,
  0xFF,0xFF,0xFF,0xFF,0xFF,0xFF,0xFF,0xFF,0xFF,0xFF,0xFF,0xFF,0xFF,0xFF,0xFF,0xFF,0xFF,0xFF,0xFF,0xFF,
  0xFF,0xFF,0xFF,0xFF,0xFF,0xFF,0xFF,0xFF,0xDD,0xFE,0xAA,0xBF,0xFF,0xFF,0xFF,0xFF,0xFF,0xFF,0xFF,0xFF,
  0xAE,0xAE,0xAE,0xAE,0xAE,0x8D,0x1E,0x5D,0x6E,0xAE,0xAE,0xAE,0xAE,0xAE,0xAE,0xAE,0xAE,0xAE,0xAE,0xAE,
  0xAE,0xAE,0xAE,0xAE,0xAE,0xAE,0xAE,0xAE,0x95,0xAE,0xAA,0xFE,0xAE,0xAE,0xAE,0xAE,0xAE,0xAE,0xAE,0xAE,
  0xBF,0xBF,0xBF,0xBF,0xBF,0xBF,0xFF,0x7F,0x7F,0xBF,0xBF,0xBF,0xBF,0xBF,0xBF,0xBF,0xBF,0xBF,0xBF,0xBF,
  0xBF,0xBF,0xBF,0xBF,0xBF,0xBF,0xBF,0xBF,0x9D,0xBE,0xAA,0xEF,0xBF,0xBF,0xBF,0xBF,0xBF,0xBF,0xBF,0xBF,
  0xBB,0xBB,0xBB,0xBB,0xBB,0xB7,0x77,0x77,0x7B,0xBB,0xBB,0xBB,0xBB,0xBB,0xBB,0xBB,0xBB,0xBB,0xBB,0xBB,
  0xBB,0xBB,0xBB,0xBB,0xBB,0xBB,0xBB,0xBB,0x95,0xBE,0xAB,0xEF,0xBB,0xBB,0xBB,0xBB,0xBB,0xBB,0xBB,0xBB,
  0xBF,0xBF,0xBF,0xBF,0xBF,0xBF,0x7F,0x7F,0x7F,0xBF,0xBF,0xBF,0xBF,0xBF,0xBF,0xBF,0xBF,0xBF,0xBF,0xBF,
  0xBF,0xBF,0xBF,0xBF,0xBF,0xBF,0xBF,0xBF,0x95,0xBE,0xAB,0xAF,0xBF,0xBF,0xBF,0xBF,0xBF,0xBF,0xBF,0xBF,
  0xAE,0xAE,0xAE,0xAE,0xAE,0xAD,0x5D,0x5D,0x6E,0xAE,0xAE,0xAE,0xAE,0xAE,0xAE,0xAE,0xAE,0xAE,0xAE,0xAE,
  0xAE,0xAE,0xAE,0xAE,0xAE,0xAE,0xAE,0xAE,0x95,0xAE,0xAB,0xBE,0xAE,0xAE,0xAE,0xAE,0xAE,0xAE,0xAE,0xAE,
  0xFF,0xFF,0xFF,0xFF,0xFF,0xFF,0xFF,0xFF,0xFF,0xFF,0xFF,0xFF,0xFF,0xFF,0xFF,0xFF,0xFF,0xFF,0xFF,0xFF,
  0xFF,0xFF,0xFF,0xFF,0xFF,0xFF,0xFF,0xFF,0xD5,0xFE,0xAA,0xAF,0xFF,0xFF,0xFF,0xFF,0xFF,0xFF,0xFF,0xFF,
  0x00,0x00,0x00,0x00,0x00,0x00,0x00,0x00,0x00,0x00,0x00,0x00,0x00,0x00,0x00,0x00,0x00,0x00,0x00,0x00,
  0x00,0x00,0x00,0x00,0x00,0x00,0x00,0x00,0x15,0x00,0x00,0x00,0x00,0x00,0x00,0x00,0x00,0x00,0x00,0x00,
};
static const uint8_t scene1_fixed[97][3]={
  {0,1,0},{0,1,0},{2,1,0},{0,1,3},{2,1,3},{2,1,3},{2,1,3},{2,1,3},{2,1,3},{2,1,3},{2,1,3},{2,1,3},{2,1,3},{2,1,3},{2,1,3},{2,1,3},{2,1,3},{2,1,3},{2,1,3},{2,1,3},{2,1,3},{2,1,3},{2,1,3},{2,1,3},{2,1,3},{2,1,3},{2,1,3},{2,1,3},{2,1,3},{2,1,3},{2,1,3},{2,1,3},{2,1,3},{2,1,3},{2,1,3},{2,1,3},{2,1,3},{2,1,3},{2,1,3},{2,1,3},{2,1,3},{2,1,3},{2,1,3},{2,4,3},{2,4,3},{2,5,3},{2,5,3},{2,6,3},{2,6,3},{2,7,3},{2,7,3},{2,7,3},{2,7,3},{2,7,3},{2,7,3},{2,7,3},{2,7,3},{2,7,3},{2,7,3},{2,7,3},{2,7,3},{2,7,3},{2,7,3},{2,7,3},{2,7,3},{2,7,3},{2,0,3},{2,8,3},{2,8,3},{2,8,3},{2,8,3},{2,8,3},{2,8,3},{2,8,3},{2,8,3},{2,8,3},{2,8,3},{2,8,3},{2,8,3},{2,8,3},{2,8,3},{2,8,3},{2,8,3},{2,8,3},{2,8,3},{2,8,3},{2,8,3},{2,8,3},{2,8,9},{2,8,9},{2,8,9},{2,8,9},{2,8,9},{2,8,9},{2,8,9},{2,8,9},{2,0,0}};
static const SceneRun scene1_runs[294]={{16,10},{16,10},{14,10},{15,10},{14,10},{14,10},{17,10},{15,10},{121,11},{115,11},{128,11},{123,11},{61,10},{92,7},{122,11},{86,7},{123,11},{61,10},{85,7},{61,10},{118,11},{109,7},{113,11},{61,10},{120,11},{88,7},{86,7},{85,7},{60,10},{26,12},{62,10},{88,7},{25,12},{60,10},{27,12},{92,7},{26,12},{90,7},{17,10},{26,12},{17,10},{26,12},{88,7},{17,10},{26,12},{62,10},{82,7},{17,10},{26,12},{60,10},{92,7},{133,11},{83,7},{133,11},{18,10},{27,12},{61,10},{90,7},{133,11},{18,10},{27,12},{60,10},{83,7},{136,11},{148,7},{18,10},{94,7},{133,11},{18,10},{19,12},{133,11},{19,12},{61,10},{88,7},{133,11},{19,12},{60,10},{136,11},{146,7},{19,12},{59,10},{88,7},{133,11},{19,12},{60,10},{131,11},{19,12},{82,7},{131,11},{21,12},{57,10},{156,12},{20,12},{75,10},{103,7},{127,11},{15,10},{20,12},{57,10},{156,12},{20,12},{48,3},{55,10},{82,7},{127,11},{158,12},{20,12},{57,10},{82,7},{20,12},{48,3},{50,10},{89,7},{127,11},{20,12},{57,10},{146,7},{158,12},{20,12},{48,3},{49,10},{88,7},{127,11},{18,10},{20,12},{73,10},{82,7},{157,12},{20,12},{49,10},{94,7},{127,11},{158,12},{14,10},{23,12},{58,10},{82,7},{115,11},{22,12},{48,3},{51,10},{92,7},{114,11},{157,12},{18,10},{22,12},{59,10},{106,7},{113,11},{146,7},{156,12},{21,12},{55,10},{89,7},{115,11},{157,12},{17,10},{21,12},{59,10},{104,7},{16,10},{21,12},{50,10},{82,7},{127,11},{156,12},{17,10},{19,12},{60,10},{97,7},{116,11},{146,7},{21,12},{72,10},{88,7},{114,11},{17,10},{19,12},{82,7},{113,11},{146,7},{156,12},{21,12},{48,3},{51,10},{92,7},{127,11},{6,11},{21,12},{59,10},{97,7},{117,11},{156,12},{7,11},{14,10},{19,12},{70,10},{90,7},{114,11},{157,12},{6,11},{22,12},{55,10},{113,11},{148,7},{156,12},{19,12},{49,10},{88,7},{117,11},{158,12},{21,12},{59,10},{82,7},{115,11},{156,12},{14,10},{19,12},{49,10},{94,7},{138,11},{21,12},{49,10},{10,3},{11,10},{19,12},{51,10},{88,7},{115,11},{21,12},{58,10},{122,11},{8,11},{11,10},{21,12},{79,10},{124,11},{14,10},{21,12},{49,10},{82,7},{126,11},{21,12},{57,10},{131,11},{13,10},{22,12},{48,3},{49,10},{88,7},{129,11},{146,7},{157,12},{14,10},{22,12},{73,10},{88,7},{114,11},{156,12},{22,12},{48,3},{50,10},{113,11},{14,10},{19,12},{72,10},{88,7},{113,11},{22,12},{22,12},{137,11},{13,10},{22,12},{48,3},{58,10},{88,7},{134,11},{146,7},{157,12},{33,12},{33,12},{33,12},{33,12},{32,12},{27,12},{125,11},{12,10},{31,12},{50,10},{87,7},{60,10},{23,12},{21,12},{0,3}};
static const uint16_t scene1_run_ofs[98]={0,1,2,3,4,5,6,7,9,10,11,12,15,17,19,21,23,25,26,27,28,29,32,34,36,37,38,40,43,47,52,54,59,65,68,71,75,79,83,86,89,92,96,100,106,109,114,118,123,128,133,138,144,151,156,160,166,172,176,182,187,193,200,206,211,216,221,223,229,232,237,242,245,253,259,263,268,269,271,279,280,281,282,283,284,286,290,290,291,292,292,293,293,293,293,293,293,294};
static const SceneCol scene1_pal[13]={{0,0,0},{0,22,36},{211,211,211},{4,4,4},{80,4,10},{104,27,35},{132,55,63},{176,130,70},{0,1,90},{79,79,79},{155,84,70},{104,104,104},{137,137,137}};
static const uint8_t scene2_bits[3880]={
  0xAA,0xAA,0xAA,0xAA,0xAA,0xAA,0xAA,0xAA,0xAA,0xAA,0xAA,0xAA,0xAA,0xAA,0xAA,0xAA,0xAA,0xAA,0xAA,0xAA,
  0xAA,0xAA,0xAA,0xAA,0xAA,0xAA,0xAA,0xAA,0xAA,0xAA,0xAA,0xAA,0xAA,0xA2,0x8A,0x8A,0x28,0x00,0x00,0x00,
  0xAA,0xAA,0xAA,0xAA,0xAA,0xAA,0xAA,0xAA,0xAA,0x9A,0xAA,0xAA,0xAA,0x95,0x6A,0xA9,0x6A,0xAA,0xAA,0x6A,
  0xAA,0xAA,0xAA,0xAA,0xA9,0x96,0xAA,0xAA,0xA6,0xAA,0xAA,0xAA,0xAA,0xA8,0xA2,0x8A,0x08,0x00,0x00,0x00,
  0xAA,0xA6,0xAA,0xAA,0xAA,0xAA,0xAA,0xAA,0xAA,0xAA,0xAA,0xAA,0xAA,0xAA,0xAA,0xAA,0xAA,0xAA,0xAA,0xAA,
  0xAA,0xAA,0xAA,0xAA,0xA5,0x55,0xAA,0xAA,0x59,0x96,0xAA,0xAA,0xAA,0x8A,0xA2,0xA2,0x88,0x00,0x00,0x00,
  0xAA,0xA6,0xAA,0xAA,0x65,0x6A,0xAA,0xAA,0xAA,0xAA,0xAA,0xAA,0xAA,0xAA,0xAA,0xAA,0xAA,0xAA,0xAA,0xAA,
  0xA5,0x55,0x55,0x66,0xA6,0x55,0xAA,0xAA,0xAA,0xAA,0xAA,0xAA,0xAA,0xAA,0x2A,0xAA,0x80,0x00,0x00,0x00,
  0xAA,0xA6,0xAA,0xAA,0xAA,0xAA,0xAA,0xAA,0xAA,0xAA,0xAA,0xAA,0xAA,0xAA,0xAA,0xAA,0xAA,0xAA,0xAA,0xAA,
  0x95,0x55,0x56,0x5A,0xA5,0x55,0x65,0x9A,0xAA,0xAA,0xAA,0xAA,0xAA,0x82,0xAA,0xAA,0x8A,0x00,0x00,0x00,
  0xAA,0x95,0xAA,0xAA,0xAA,0xAA,0xAA,0xAA,0xAA,0xAA,0xAA,0xAA,0xAA,0xAA,0xAA,0xAA,0xAA,0xAA,0xAA,0xAA,
  0xA9,0x55,0x55,0x6A,0xA9,0x55,0xAA,0xAA,0xAA,0xAA,0xAA,0xAA,0xAA,0xAA,0xA8,0xA2,0x80,0x00,0x00,0x00,
  0xA5,0x55,0x56,0xAA,0xAA,0xAA,0xAA,0xAA,0xAA,0xAA,0xAA,0xAA,0xAA,0xAA,0xAA,0xAA,0xAA,0xAA,0xAA,0xAA,
  0xAA,0xAA,0xAA,0xAA,0xAA,0xAA,0xAA,0xAA,0xAA,0xAA,0xAA,0xAA,0xAA,0xAA,0xAA,0x2A,0xA2,0x00,0x00,0x00,
  0xAA,0x55,0x6A,0xAA,0xAA,0xAA,0xAA,0xAA,0x95,0xA9,0x55,0xAA,0xAA,0xA9,0x5A,0xAA,0x55,0x5A,0xAA,0xAA,
  0xAA,0xAA,0xA5,0xAA,0xAA,0xAA,0xAA,0xAA,0xAA,0xAA,0xAA,0xAA,0xAA,0xAA,0xA2,0xA2,0x8A,0x00,0x00,0x00,
  0xAA,0x95,0xAA,0xAA,0xAA,0x65,0x96,0x65,0x55,0x59,0x65,0x5A,0xAA,0xA5,0x56,0xA9,0x55,0x69,0xAA,0xAA,
  0xAA,0xAA,0xAA,0xAA,0xAA,0xAA,0xAA,0xAA,0xAA,0xAA,0xAA,0xAA,0xAA,0xAA,0x2A,0xA0,0xA0,0x00,0x00,0x00,
  0xAA,0x95,0xAA,0xAA,0xAA,0xAA,0x95,0xAA,0x95,0x55,0x69,0x6A,0xAA,0xA9,0x5A,0xAA,0x95,0x56,0xAA,0xAA,
  0xAA,0xAA,0xAA,0xAA,0xAA,0xAA,0xAA,0xAA,0xAA,0xAA,0xAA,0xAA,0xAA,0xA2,0xA8,0xAA,0x8A,0x00,0x00,0x00,
  0xAA,0x95,0xAA,0xAA,0xAA,0xAA,0xAA,0xAA,0xAA,0xAA,0xAA,0xAA,0xA6,0xAA,0xAA,0xAA,0xAA,0xAA,0xAA,0xAA,
  0xAA,0xAA,0xAA,0x95,0x66,0x6A,0xAA,0xAA,0xAA,0xAA,0xAA,0xAA,0xAA,0xAA,0x2A,0xA0,0xA0,0x80,0x00,0x00,
  0xAA,0x95,0xAA,0xAA,0xAA,0xAA,0xAA,0xAA,0xAA,0xAA,0xAA,0xAA,0x5A,0xAA,0xAA,0xAA,0xAA,0xAA,0xAA,0xAA,
  0xAA,0xAA,0xAA,0xAA,0xAA,0xAA,0xAA,0xAA,0xAA,0xAA,0xAA,0xAA,0xAA,0xA2,0xAA,0x2A,0xAA,0x80,0x00,0x00,
  0xAA,0x95,0xAA,0xAA,0xAA,0xAA,0xAA,0xAA,0xAA,0xAA,0xAA,0xAA,0xAA,0xAA,0xAA,0xAA,0xAA,0xAA,0xAA,0xAA,
  0xAA,0xAA,0xAA,0xAA,0xAA,0xAA,0xA6,0xA9,0x55,0x65,0xAA,0xAA,0xAA,0xAA,0x88,0x8A,0xA8,0x80,0x00,0x00,
  0xAA,0x95,0xAA,0xAA,0xA6,0x96,0xAA,0xA5,0x6A,0xAA,0x96,0xAA,0xAA,0xAA,0xAA,0xAA,0xAA,0xAA,0xAA,0xAA,
  0xAA,0xAA,0xAA,0xAA,0xAA,0xAA,0xA6,0x95,0x95,0x59,0x5A,0xAA,0xAA,0xA8,0xAA,0xAA,0x8A,0x00,0x00,0x00,
  0xAA,0x95,0xAA,0xAA,0x95,0x95,0x5A,0xA5,0xAA,0xAA,0xAA,0xAA,0xAA,0xAA,0xAA,0xAA,0xAA,0xAA,0xAA,0xAA,
  0xAA,0xAA,0xAA,0xAA,0xAA,0xAA,0xAA,0xA9,0x55,0x96,0xAA,0xAA,0xAA,0xAA,0xA2,0xA8,0xA8,0xA0,0x00,0x00,
  0xAA,0x95,0xAA,0xAA,0xAA,0xAA,0xAA,0xAA,0xAA,0xAA,0xAA,0xAA,0xAA,0xAA,0xAA,0xAA,0xAA,0xAA,0xAA,0xAA,
  0xAA,0xAA,0xAA,0xAA,0xAA,0xAA,0xAA,0xAA,0xAA,0x6A,0xAA,0xAA,0xAA,0xA8,0x8A,0xAA,0x2A,0x00,0x00,0x00,
  0xAA,0x69,0xEA,0xAA,0xAA,0xAA,0xAA,0xAA,0xAA,0xAA,0xAA,0xAA,0xAA,0xAA,0xAA,0xAA,0xAA,0xAA,0xAA,0xAA,
  0xAA,0xAA,0xAA,0xAA,0xAA,0xAA,0xAA,0xAA,0xAA,0xAA,0xAA,0xAA,0xAA,0xAA,0x22,0x8A,0x22,0x28,0x00,0x00,
  0xA9,0xD5,0xFA,0xAA,0xAA,0xAA,0xAA,0xAA,0xAA,0xAA,0xAA,0xAA,0xAA,0xAA,0xAA,0xAA,0xAA,0xAA,0xAA,0xAA,
  0xAA,0xAA,0xAA,0xAA,0xAA,0xAA,0xAA,0xAA,0xAA,0xAA,0xAA,0xAA,0xAA,0xAA,0xAA,0x8A,0x8A,0x80,0x00,0x00,
  0xA8,0xFF,0xF6,0xAA,0xAA,0xAA,0xAA,0xAA,0xAA,0xAA,0xAA,0xAA,0xAA,0xAA,0xAA,0xAA,0xAA,0xAA,0xAA,0xAA,
  0xAA,0xAA,0xAA,0xAA,0xAA,0xAA,0xAA,0xAA,0xAA,0xAA,0xAA,0xAA,0xAA,0xAA,0xAA,0xA2,0x8A,0xAA,0x00,0x00,
  0xA5,0xD5,0x56,0xAA,0xAA,0xAA,0xAA,0xAA,0xAA,0xAA,0xAA,0xAA,0xAA,0xAA,0xAA,0xAA,0xAA,0xAA,0xAA,0xAA,
  0xAA,0xAA,0xAA,0xAA,0xAA,0xAA,0xAA,0xAA,0xAA,0xAA,0xAA,0xAA,0xAA,0xAA,0xAA,0x28,0xA2,0x88,0x80,0x00,
  0xA5,0x7D,0xD6,0xAA,0xAA,0xAA,0xAA,0xAA,0xAA,0xAA,0xAA,0xAA,0xAA,0xAA,0xAA,0xAA,0xAA,0xAA,0xAA,0xAA,
  0xAA,0xAA,0xAA,0xAA,0xAA,0xAA,0xAA,0xAA,0xAA,0xAA,0xAA,0xAA,0xAA,0xAA,0xA2,0xA2,0xA2,0xA8,0x80,0x00,
  0x97,0xFF,0xFF,0xAA,0xAA,0xAA,0xAA,0xAA,0xAA,0xAA,0xAA,0xAA,0xAA,0xAA,0xAA,0xAA,0xAA,0xAA,0xAA,0xAA,
  0xAA,0xAA,0xAA,0xAA,0xAA,0xAA,0xAA,0xAA,0xAA,0xAA,0xAA,0xAA,0xAA,0xAA,0x8A,0xA8,0xAA,0xA2,0x20,0x00,
  0xDF,0x7F,0xF7,0xEA,0xAA,0xAA,0xAA,0xAA,0xAA,0xAA,0xAA,0xAA,0xAA,0xAA,0xAA,0xAA,0xAA,0xAA,0xAA,0xAA,
  0xAA,0xAA,0xAA,0xAA,0xAA,0xAA,0xAA,0xAA,0xAA,0xAA,0xAA,0xAA,0xAA,0xAA,0xAA,0x2A,0xAA,0x88,0x88,0x00,
  0x7D,0xFD,0xDF,0x7A,0x6A,0xAA,0xAA,0xAA,0x8A,0xAA,0xAA,0xAA,0xAA,0xAA,0xAA,0xAA,0xAA,0xAA,0xAA,0xAA,
  0xAA,0xAA,0xAA,0xAA,0xAA,0xAA,0xAA,0xAA,0xAA,0xAA,0xAA,0xAA,0xAA,0xAA,0xA2,0xAA,0xA8,0x28,0xA2,0x00,
  0xF7,0xFD,0xF7,0xFF,0x6A,0xAA,0xAA,0xAA,0x8A,0xAA,0xAA,0xAA,0xAA,0xAA,0xAA,0xAA,0xAA,0xAA,0xAA,0xAA,
  0xAA,0xAA,0xAA,0xAA,0xAA,0xAA,0xAA,0xAA,0xAA,0xAA,0xAA,0xAA,0xAA,0xAA,0xAA,0x8A,0xAA,0xA2,0xA2,0xA0,
  0xDF,0xFD,0xFF,0x77,0xFA,0xAA,0xAA,0xA0,0x8A,0xAA,0xAA,0xAA,0xAA,0xAA,0xAA,0xAA,0xAA,0xAA,0xAA,0xAA,
  0xAA,0xAF,0xAA,0xAA,0xAA,0xAA,0xAA,0xAA,0xAA,0xAA,0xAA,0xAA,0xAA,0xAA,0xA2,0x2A,0x8A,0x8A,0x88,0x8A,
  0x7F,0xFF,0xFF,0xFF,0xDD,0xEA,0xAA,0xA0,0x8A,0xAA,0xAA,0xAA,0xAA,0xAA,0xAA,0xAA,0xAA,0xAA,0xAA,0xAA,
  0xAA,0xBF,0xEA,0xAA,0xAA,0xAA,0xAA,0xAA,0xAA,0xAA,0xAA,0xAA,0xAA,0xAA,0xAA,0xAA,0x88,0xA0,0xA8,0x88,
  0xFF,0xFD,0xFF,0xFF,0xFF,0xDE,0xAA,0x0F,0x0A,0xAA,0xAA,0xAA,0xAA,0xAA,0xAA,0xAA,0xAA,0xAA,0xAA,0xAA,
  0xAA,0xC0,0x3A,0xAA,0xAA,0xAA,0xAA,0xAA,0xAA,0xAA,0xAA,0xAA,0xAA,0xAA,0xAA,0xAA,0xAA,0x8A,0xAA,0xA0,
  0xFF,0xFF,0x7F,0xFF,0xFF,0xF7,0xA8,0xFF,0xCE,0xAA,0xAA,0xAA,0xAA,0xAA,0xAA,0xAA,0xAA,0xAA,0xAA,0xAA,
  0xAB,0x30,0x0E,0xAA,0xAA,0xAA,0xAA,0xAA,0xAA,0xAA,0xAA,0xAA,0xAA,0xAA,0xAA,0xAA,0x22,0xA2,0xAA,0xA8,
  0xFF,0xFF,0xF7,0xFF,0xFF,0xFD,0xEF,0xF7,0xDF,0xAA,0xAA,0xAA,0xAA,0xAA,0xAA,0xAA,0xAA,0xAA,0xAA,0xAA,
  0xAB,0x0C,0x00,0xAA,0xAA,0xAA,0xAA,0xAA,0xAA,0xAA,0xAA,0xAA,0xAA,0xAA,0xAA,0x88,0xA8,0xAA,0xA2,0x2A,
  0x07,0xFD,0xFF,0xFF,0xFF,0xCF,0x7F,0xDD,0x77,0xEA,0xAA,0xAA,0xAA,0xAA,0xAA,0xAA,0xAA,0xAA,0xAA,0xAA,
  0xAC,0xF5,0x03,0xAA,0xAA,0xAA,0xAA,0xAA,0xAA,0xAA,0xAA,0xAA,0xAA,0xAA,0xAA,0xAA,0xAA,0x2A,0x88,0xA0,
  0x04,0x1D,0xFF,0xFF,0xFF,0xC5,0xFD,0xDF,0xFD,0xFA,0xAA,0xAA,0xAA,0xAA,0xAA,0xAA,0xAA,0xAA,0xAA,0xAA,
  0xAC,0xC0,0x70,0x2A,0xAA,0xAA,0xAA,0xAA,0xAA,0xAA,0xAA,0xAA,0xAA,0xAA,0xAA,0xA2,0xA8,0xAA,0x2A,0xA8,
  0x45,0x0D,0x7F,0xF3,0xF5,0x5F,0xDF,0xFD,0xDF,0xF3,0xAA,0xAA,0xAA,0xAA,0xAA,0xAA,0xAA,0xAA,0xAA,0xAA,
  0xB3,0x30,0x4C,0xEA,0xAA,0xAA,0xAA,0xAA,0xAA,0xAA,0xAA,0xAA,0xAA,0xAA,0xAA,0xAA,0x2A,0x8A,0xAA,0xA2,
  0x05,0x8F,0xDD,0xF1,0x5F,0xF7,0xFF,0x7D,0xDF,0xDD,0xEA,0xAA,0xAA,0xAA,0xAA,0xAA,0xAA,0xAA,0xAA,0xAA,
  0x9C,0xFF,0x00,0x0A,0xAA,0xAA,0xAA,0xAA,0xAA,0xAA,0xAA,0xAA,0xAA,0xAA,0xAA,0xA8,0xA2,0xAA,0x2A,0xAA,
  0x44,0x07,0xD5,0x57,0xFF,0xDF,0xFF,0xFD,0xFF,0xFF,0x7A,0xAA,0xAA,0xAA,0xAA,0xAA,0xAA,0xAA,0xAA,0xAA,
  0xC1,0xC3,0x03,0x2A,0xAA,0xAA,0xAA,0xAA,0xAA,0xAA,0xAA,0xAA,0xAA,0xAA,0xAA,0xAA,0x8A,0x8A,0x88,0xA2,
  0x05,0x9D,0x57,0xFF,0xF7,0xFF,0xFD,0xFD,0xF7,0xFF,0xDE,0xAA,0xAA,0xAA,0xAA,0xAA,0xAA,0xAA,0xAA,0xAA,
  0xF3,0x00,0xC0,0xFA,0xAA,0xAA,0xAA,0xAA,0xAA,0xAA,0xAA,0xAA,0xAA,0xAA,0xAA,0xAA,0xA8,0xA8,0xA2,0xA8,
  0x44,0x0F,0xDF,0xFF,0x7D,0x7F,0xF7,0xFD,0xFD,0xFF,0xFD,0xAA,0xAA,0xAA,0xAA,0xAA,0xAA,0xAA,0xAA,0xAA,
  0x47,0x00,0xC0,0xC2,0xAA,0xAA,0xAA,0xAA,0xAA,0xAA,0xAA,0xAA,0xAA,0xAA,0xAA,0xAA,0xA2,0xAA,0x8A,0x8A,
  0x05,0x9F,0x7F,0xF7,0xDF,0xFF,0xDF,0xFF,0x7F,0xFF,0xFF,0x6A,0xAA,0xAA,0xAA,0xAA,0xAA,0xAA,0xAA,0xAB,
  0x0C,0xC0,0x40,0x72,0xAA,0xAA,0xAA,0xAA,0xAA,0xAA,0xAA,0xAA,0xAA,0xAA,0xAA,0xAA,0xAA,0xA8,0xAA,0xA8,
  0x44,0x0D,0xFF,0x5D,0xFF,0xFD,0xFF,0xFF,0x7F,0x7F,0xFF,0xDA,0xAA,0xAA,0xAA,0xAA,0xAA,0xAA,0xAA,0xA3,
  0xCC,0x30,0x33,0xCE,0xAA,0xAA,0xAA,0xAA,0xAA,0xAA,0xAA,0xAA,0xAA,0xAA,0xAA,0xAA,0xAA,0xA2,0x2A,0xA2,
  0x05,0x9F,0xD7,0x7F,0xFF,0xF7,0xF7,0xFF,0xFF,0xDF,0xFF,0xFE,0xAA,0xAA,0xAA,0xAA,0xAA,0xAA,0xAA,0xA1,
  0x3C,0x30,0x31,0x02,0xAA,0xAA,0xAA,0xAA,0xAA,0xAA,0xAA,0xAA,0xAA,0xAA,0xAA,0xAA,0xAA,0x8A,0xA2,0xAA,
  0x44,0x07,0xF7,0xFF,0xFD,0xDF,0xFF,0xFF,0x7F,0xF7,0xFF,0xFD,0xAA,0xAA,0xAA,0xAA,0xAA,0xAA,0xAA,0xAC,
  0x33,0x0C,0x33,0x0C,0xAA,0xAA,0xAA,0xAA,0xAA,0xAA,0xAA,0xAA,0xAA,0xAA,0xAA,0xAA,0xAA,0xA2,0x2A,0x88,
  0x05,0x9D,0xDF,0xFF,0xF7,0xF7,0xF7,0xFF,0xFD,0xFF,0x7F,0xFF,0x6A,0xAA,0xAA,0xAA,0xAA,0xAA,0xAA,0xAB,
  0x70,0x30,0x34,0x02,0xAA,0xAA,0xAA,0xAA,0xAA,0xAA,0xAA,0xAA,0xAA,0xAA,0xAA,0xAA,0xAA,0xAA,0xAA,0xAA,
  0x64,0x0F,0xFD,0x33,0x33,0xFD,0x77,0xFD,0xFF,0x7F,0xFF,0xFF,0xFA,0xAA,0xAA,0xAA,0xAA,0xAA,0xAA,0xA4,
  0x30,0x30,0x30,0xCE,0xAA,0xAA,0xAA,0xAA,0xAA,0xAA,0xAA,0xAA,0xAA,0xAA,0xAA,0xAA,0xAA,0xAA,0xAA,0xA2,
  0x25,0x9F,0xFD,0x11,0x10,0xFF,0xFF,0xF7,0xDF,0x7F,0xDD,0xFF,0xF1,0xAA,0xAA,0xAA,0xAA,0xAA,0xAA,0xA4,
  0xCC,0x0C,0x0C,0xCC,0xAA,0xAA,0xAA,0xAA,0xAA,0xAA,0xAA,0xAA,0xAA,0xAA,0xAA,0xAA,0xAA,0xAA,0xAA,0x2A,
  0x04,0x8F,0x3D,0x11,0x10,0xFF,0xF7,0xDF,0xD7,0xDF,0x7F,0xD7,0x0D,0xEA,0xAA,0xAA,0xAA,0xAA,0xAA,0xB3,
  0xC0,0xCC,0x0C,0xC0,0xAA,0xAA,0xAA,0xAA,0xAA,0xAA,0xAA,0xAA,0xAA,0xAA,0xAA,0xAA,0xAA,0xAA,0xAA,0xA2,
  0x24,0x0C,0x3D,0x11,0x10,0xFF,0xF7,0xFF,0xDD,0xFF,0xFD,0x71,0xFF,0xFA,0xAA,0xAA,0xAA,0xAA,0xAA,0x8C,
  0xC0,0x03,0x0C,0x03,0x2A,0xAA,0xAA,0xAA,0xAA,0xAA,0xAA,0xAA,0xAA,0xAA,0xAA,0xAA,0xAA,0xAA,0xAA,0xAA,
  0x64,0x8D,0x4D,0x11,0x10,0xFF,0x07,0xFF,0x7F,0xD7,0xC7,0x7D,0xDF,0xF6,0xAA,0xAA,0xAA,0xAA,0xAA,0x8D,
  0xC3,0x30,0x0C,0x30,0x2A,0xAA,0xAA,0xAA,0xAA,0xAA,0xAA,0xAA,0xAA,0xAA,0xAA,0xAA,0xAA,0xAA,0xAA,0xAA,
  0x05,0x90,0x4D,0x11,0x10,0xFC,0x05,0xFD,0xF7,0xFD,0xFF,0xDF,0x7D,0xFD,0xAA,0xAA,0xAA,0xAA,0xAA,0xB3,
  0x30,0x0C,0x03,0x33,0x2A,0xAA,0xAA,0xAA,0xAA,0xAA,0xAA,0xAA,0xAA,0xAA,0xAA,0xAA,0xAA,0xAA,0xAA,0xAA,
  0x44,0x05,0x11,0x11,0x10,0xFF,0xD7,0xD7,0xF7,0xFF,0x5C,0xDF,0xD7,0xFF,0xFA,0xAA,0xAA,0xAA,0xAA,0xDF,
  0x00,0xCC,0x03,0x00,0x2A,0xAA,0xAA,0xAA,0xAA,0xAA,0xAA,0xAA,0xAA,0xAA,0xAA,0xAA,0xAA,0xAA,0xAA,0xAA,
  0x05,0x95,0x11,0x11,0x10,0xFD,0xFF,0xFF,0xF7,0xFF,0xFF,0xC7,0xFD,0x7F,0xF6,0xAA,0xAA,0xAA,0xAA,0x13,
  0x30,0xCC,0x03,0x00,0xEA,0xAA,0xAA,0xAA,0xAA,0xAA,0xAA,0xAA,0xAA,0xAA,0xAA,0xAA,0xAA,0xAA,0xAA,0xAA,
  0x44,0x05,0x11,0x11,0x10,0x54,0x07,0xFF,0xFF,0xFF,0xDF,0xCD,0xF7,0xD7,0xFD,0x6A,0xAA,0xAA,0xAA,0xC3,
  0x30,0x00,0xC0,0x30,0xEA,0xAA,0xAA,0xAA,0xAA,0xAA,0xAA,0xAA,0xAA,0xAA,0xAA,0xAA,0xAA,0xAA,0xAA,0xAA,
  0x05,0x95,0x11,0x11,0x10,0x7C,0x4F,0xFF,0xFD,0xFF,0xFC,0xF7,0x7F,0xF5,0x7F,0xFE,0xAA,0xAA,0xAA,0xC4,
  0x30,0x0C,0x03,0x30,0xCA,0xAA,0xAA,0xAA,0xAA,0xAA,0xAA,0xAA,0xAA,0xAA,0xAA,0xAA,0xAA,0xAA,0xAA,0xAA,
  0x44,0x05,0x11,0x11,0x10,0xCC,0x4C,0xD7,0xF3,0xFF,0xFF,0xDF,0xDF,0x77,0x7F,0xFD,0xFA,0xAA,0xA8,0xFC,
  0x03,0x0C,0x03,0xCC,0x0A,0xAA,0xAA,0xAA,0xAA,0xAA,0xAA,0xAA,0xAA,0xAA,0xAA,0xAA,0xAA,0xAA,0xAA,0xAA,
  0x05,0x95,0x11,0x11,0x10,0xCC,0x4C,0xC3,0xF3,0x7F,0xFF,0xFF,0xD7,0xFD,0xFD,0x7F,0x7D,0x6A,0xA8,0x4C,
  0xC3,0x00,0x03,0x03,0x0A,0xAA,0xAA,0xAA,0xAA,0xAA,0xAA,0xAA,0xAA,0xAA,0xAA,0xAA,0xAA,0xAA,0xAA,0xAA,
  0x44,0x05,0x11,0x11,0x10,0x00,0x4C,0xC3,0xFF,0xFF,0xFF,0xFF,0xDD,0xFD,0x7F,0xFF,0xFF,0xD5,0xAB,0x73,
  0x30,0x30,0x00,0xC0,0xCA,0xAA,0xAA,0xAA,0xAA,0xAA,0xAA,0xAA,0xAA,0xAA,0xAA,0xAA,0xAA,0xAA,0xAA,0xAA,
  0x05,0x95,0x11,0x11,0x10,0xF3,0x04,0xC3,0x0F,0xDF,0xFF,0xFF,0x7F,0x75,0xFF,0xFD,0xD7,0xFF,0x78,0xFC,
  0xC0,0x00,0x00,0xCC,0xCA,0xAA,0xAA,0xAA,0xAA,0xAA,0xAA,0xAA,0xAA,0xAA,0xAA,0xAA,0xAA,0xAA,0xAA,0xAA,
  0x04,0x05,0x11,0x11,0x10,0x3F,0xF1,0x03,0x0F,0xDF,0xFF,0x0D,0xFF,0xF7,0xDF,0xFF,0xFF,0xFF,0xDD,0xCC,
  0x30,0x33,0x03,0xCC,0x0A,0xAA,0xAA,0xAA,0xAA,0xAA,0xAA,0xAA,0xAA,0xAA,0xAA,0xAA,0xAA,0xAA,0xAA,0xAA,
  0x04,0x05,0x11,0x11,0x10,0xCC,0xCC,0xC3,0xFF,0xC0,0xFF,0x0F,0xFF,0xDF,0x7F,0xFF,0xFF,0xFF,0xFF,0xD4,
  0x0F,0x30,0x0C,0xC0,0x0A,0xAA,0xAA,0xAA,0xAA,0xAA,0xAA,0xAA,0xAA,0xAA,0xAA,0xAA,0xAA,0xAA,0xAA,0xAA,
  0x04,0x05,0x11,0x11,0x10,0x40,0x0F,0xCC,0x03,0xC4,0xFF,0xFF,0xFF,0xDF,0x77,0xFF,0xFF,0xFF,0xFF,0xFF,
  0x50,0xF0,0xC0,0x0C,0x0A,0xAA,0xAA,0xAA,0xAA,0xAA,0xAA,0xAA,0xAA,0xAA,0xAA,0xAA,0xAA,0xAA,0xAA,0xAA,
  0x00,0x00,0x11,0x11,0x10,0x45,0x40,0xCC,0x93,0xC4,0xF0,0xFF,0xFF,0xFF,0x7F,0xFF,0xFF,0xFF,0xFF,0xF1,
  0xF5,0x40,0x00,0xCC,0x3A,0xAA,0xAA,0xAA,0xAA,0xAA,0xAA,0xAA,0xAA,0xAA,0xAA,0xAA,0xAA,0xAA,0xAA,0xAA,
  0x05,0x54,0x13,0x11,0x10,0x44,0x44,0x0C,0x60,0xC8,0x70,0xFC,0xFF,0xFD,0xF5,0xFF,0xFF,0xFF,0xFF,0xFC,
  0x7F,0xD5,0x00,0xC0,0x0A,0xAA,0xAA,0xAA,0xAA,0xAA,0xAA,0xAA,0xAA,0xAA,0xAA,0xAA,0xAA,0xAA,0xAA,0xAA,
  0x54,0x05,0x41,0x11,0x10,0x45,0x45,0x40,0x03,0xC4,0xFC,0xFC,0xC3,0xFF,0xDF,0x5F,0xFF,0xFF,0xFF,0xFF,
  0xF7,0xFF,0x54,0xCC,0x3A,0xAA,0xAA,0xAA,0xAA,0xAA,0xAA,0xAA,0xAA,0xAA,0xAA,0xAA,0xAA,0xAA,0xAA,0xAA,
  0x01,0x44,0x10,0x11,0x10,0x41,0x01,0x02,0x81,0x08,0xF3,0x3C,0xFF,0xFF,0xD5,0xFF,0xFF,0xFF,0xFF,0xFC,
  0xDF,0xFF,0x7D,0x50,0x3A,0xAA,0xAA,0xAA,0xAA,0xAA,0xAA,0xAA,0xAA,0xAA,0xAA,0xAA,0xAA,0xAA,0xAA,0xAA,
  0x11,0x45,0x51,0x11,0x10,0x45,0x45,0x42,0x80,0x04,0x0D,0xFC,0xF0,0xCF,0xF7,0x6B,0xFF,0x3F,0xFF,0xFF,
  0x1F,0xFF,0x37,0xF5,0x3A,0xAA,0xAA,0xAA,0xAA,0xAA,0xAA,0xAA,0xAA,0xAA,0xAA,0xAA,0xAA,0xAA,0xAA,0xAA,
  0x14,0x04,0x10,0x11,0x10,0x44,0x41,0x00,0x08,0x48,0x80,0x7F,0xF0,0xC0,0x3C,0xFF,0xFF,0x3F,0xFF,0xFF,
  0x3F,0xFD,0xFD,0xFF,0xF2,0xAA,0xAA,0xAA,0xAA,0xAA,0xAA,0xAA,0xAA,0xAA,0xAA,0xAA,0xAA,0xAA,0xAA,0xAA,
  0x11,0x45,0x51,0x51,0x10,0x45,0x45,0x41,0x48,0x08,0x00,0xC0,0xC0,0xC1,0x0C,0x43,0xFC,0x0F,0xFC,0x3C,
  0xDF,0xFD,0x3D,0xFF,0xFF,0xAA,0xAA,0xAA,0xAA,0xAA,0xAA,0xAA,0xAA,0xAA,0xAA,0xAA,0xAA,0xAA,0xAA,0xAA,
  0x14,0x04,0x10,0x11,0x10,0x41,0x01,0x04,0x48,0x48,0x84,0x00,0x08,0xF0,0xC4,0xC1,0xFC,0x83,0xFD,0x5C,
  0xFF,0xF4,0xF7,0xF0,0xFF,0xF5,0x55,0x55,0x55,0x55,0x55,0x55,0x55,0x55,0x55,0x55,0x55,0x55,0x55,0x40,
  0x11,0x45,0x51,0x51,0x10,0x45,0x45,0x41,0x08,0x48,0x00,0x80,0x88,0x01,0x80,0xC3,0x5C,0x8C,0x0C,0x33,
  0x7F,0xDC,0xD7,0xCF,0xFD,0xFF,0xEA,0xAA,0xAA,0xAA,0xAA,0xAA,0xAA,0xAA,0xAA,0xAA,0xAA,0xAA,0xAA,0x80,
  0x14,0x04,0x10,0x11,0x10,0x44,0x41,0x04,0x48,0x08,0x80,0x80,0x88,0x22,0x08,0x5C,0x04,0x8C,0xCD,0x53,
  0x7F,0x73,0x7F,0x31,0xF7,0x0D,0x5F,0xFA,0xAA,0xAA,0xAA,0xAA,0xAA,0xAA,0xAA,0xAA,0xAA,0xAA,0xAA,0x20,
  0x11,0x45,0x51,0x51,0x10,0x45,0x45,0x41,0x08,0x98,0x04,0x89,0x88,0x01,0x04,0x00,0x00,0x40,0x0C,0x31,
  0xF5,0x31,0xF4,0xD7,0xDD,0x53,0x5F,0xD7,0xFF,0xF8,0xA2,0xAA,0xAA,0xAA,0xAA,0xAA,0xAA,0xAA,0xAA,0x8A,
  0x14,0x04,0x10,0x11,0x10,0x41,0x01,0x04,0x48,0x98,0x80,0x89,0x88,0x21,0x24,0x44,0x4A,0x0A,0xA5,0x57,
  0x40,0xCF,0xFF,0xFF,0xFF,0xFF,0xFF,0xFF,0xFF,0xFF,0xEA,0x8A,0xAA,0xAA,0xAA,0xAA,0xAA,0xAA,0xA8,0x20,
  0x11,0x45,0x51,0x51,0x10,0x45,0x45,0x41,0x08,0x80,0x04,0x0A,0x89,0x80,0x00,0x00,0x0C,0x3F,0xDF,0xC0,
  0x3F,0xFF,0xFF,0xFF,0xFF,0xCC,0xF3,0xF0,0xF3,0xF0,0x0A,0xAA,0xAA,0xAA,0xAA,0xAA,0xAA,0xAA,0xAA,0xAA,
  0x14,0x04,0x10,0x11,0x10,0x45,0x41,0x00,0xFF,0xFF,0xFF,0xFC,0xFC,0xFF,0xFF,0xFF,0xFF,0xFF,0xFF,0xFF,
  0xE8,0xBA,0xA8,0xAA,0xAA,0xAA,0xAA,0xAA,0xAA,0xAA,0xA8,0xAA,0xAA,0xAA,0xAA,0xAA,0xAA,0xAA,0xA2,0x20,
  0x11,0x45,0x51,0x51,0x10,0xF0,0x3F,0xCF,0x5F,0x37,0xF3,0xFF,0xFF,0xFF,0xFF,0xFE,0xEA,0xAA,0xAE,0xBA,
  0xBB,0x20,0x20,0xA0,0x2A,0xAB,0xAB,0xAB,0xAE,0xAB,0xEA,0xAA,0xAA,0xAA,0xAA,0xAA,0xAA,0xAA,0xAA,0x8A,
  0x14,0x04,0x10,0x00,0x03,0x03,0xDD,0xF7,0x3D,0xFF,0xFF,0xFB,0xBF,0xAB,0xAA,0xAA,0x88,0x8A,0xAA,0x8B,
  0xAA,0xAA,0xBA,0xAA,0xBA,0xAA,0xAA,0xAA,0xAA,0xAA,0xAA,0xAA,0xAA,0xAA,0xAA,0xAA,0xAA,0xAA,0xAA,0xAA,
  0x11,0x41,0x00,0x3F,0xFF,0xFC,0xF3,0x7F,0xFF,0xEF,0xCE,0xAA,0xBA,0xAA,0xAE,0xAE,0xAA,0xAB,0xEA,0xAA,
  0x02,0xA0,0x22,0x82,0x2A,0xAA,0xAA,0xAA,0xAA,0xAA,0xAA,0xAA,0xAA,0xAA,0xAA,0xAA,0xAA,0xAA,0x88,0x88,
  0x15,0x10,0x0F,0xF0,0x34,0xCD,0xFF,0xFF,0xEE,0xF2,0xAA,0xBB,0xAE,0xFA,0xFA,0xAA,0xAA,0xEA,0xAA,0xA2,
  0xAA,0xAA,0xAA,0xAA,0xAA,0xAA,0xAA,0xAA,0xAA,0xAA,0xAA,0xAA,0xAA,0xAA,0xAA,0xAA,0xAA,0xAA,0xAA,0xA8,
  0x11,0x00,0xFD,0x3F,0xCD,0x77,0xFB,0xFB,0xF8,0xBF,0xBA,0xBA,0xBB,0xAE,0xAA,0xAA,0xEA,0xAA,0xAA,0xBA,
  0x88,0xA0,0x8A,0x08,0x2A,0xAA,0xAA,0xAA,0xAA,0xAA,0xAA,0xAA,0xAA,0xAA,0xAA,0xAA,0xAA,0xAA,0xAA,0xA8,
  0x00,0x0F,0xF3,0x3F,0xFF,0xFF,0xFF,0xFF,0x8A,0xEA,0xE0,0xAE,0xAA,0xAA,0xEA,0xBA,0xAA,0xAA,0xAA,0xAA,
  0x2A,0xAA,0xAA,0xAA,0xAA,0xAA,0xAA,0xAA,0xAA,0xAA,0xAA,0xAA,0xAA,0xAA,0xAA,0xAA,0xAA,0xA8,0xAA,0x2A,
  0x10,0xF3,0x33,0xF5,0xFF,0xFB,0xEF,0xE8,0xFA,0xA2,0xAA,0xEA,0xAA,0xAA,0xAA,0xAA,0xAA,0xAA,0xAA,0xAA,
  0xAA,0xAA,0xAA,0xA2,0xAA,0xAA,0xAA,0xAA,0xAA,0xAA,0xAA,0xAA,0xAA,0xAA,0xAA,0xAA,0xAA,0xAA,0xAA,0xAA,
  0x0F,0xFF,0x3D,0x7F,0xFF,0xFF,0xFB,0xB2,0xE2,0xEC,0xF2,0xAB,0xAE,0xBE,0xAA,0xEA,0xAA,0xAA,0xAA,0xAA,
  0x20,0x22,0x28,0x28,0xAA,0xAA,0xAA,0xAA,0xAA,0xAA,0xAA,0xAA,0xAA,0xAA,0xAA,0xAA,0xAA,0xAA,0xAA,0xAA,
  0xFF,0xBF,0xFF,0xFF,0xFF,0xEF,0xB9,0x28,0xAB,0xAA,0xAA,0xAA,0xAA,0xAA,0xAA,0xAA,0xAA,0xAA,0xAA,0xAA,
  0xAA,0xAA,0xAA,0xAA,0xAA,0xAA,0xAA,0xAA,0xAA,0xAA,0xAA,0xAA,0xAA,0xAA,0xAA,0xAA,0xAA,0xAA,0xAA,0xAA,
  0x7B,0x3F,0xFF,0xFF,0xFF,0xFF,0xBF,0x8A,0xCA,0xEE,0xBE,0xFB,0xEA,0xAA,0xAA,0xAA,0xAA,0xAA,0xAA,0xAA,
  0xAA,0xAA,0xAA,0xAA,0xAA,0xAA,0xAA,0xAA,0xAA,0xAA,0xAA,0xAA,0xAA,0xAA,0xAA,0xAA,0xAA,0x82,0x20,0x88,
  0xB3,0x3D,0x5F,0xFF,0xFB,0xFB,0xEC,0xA2,0xA8,0x2A,0x22,0xAA,0xAA,0xAA,0xEA,0xAE,0xAA,0xAA,0xAA,0xAA,
  0xAA,0xA2,0x8A,0xAA,0xAA,0xAA,0xAA,0xAA,0xAA,0xAA,0xAA,0xAA,0xAA,0xAA,0xAA,0xAA,0xAA,0xAA,0xAA,0xAA,
  0x31,0xFF,0xFF,0xFF,0xFF,0xBE,0xFE,0x2B,0x8A,0xB2,0xAA,0xAA,0xAA,0xAA,0xAA,0xAA,0xAA,0xAA,0xAA,0xAA,
  0xA8,0x28,0xA2,0x2A,0xAA,0xAA,0xAA,0xAA,0xAA,0xAA,0xAA,0xAA,0xAA,0xAA,0xAA,0xAA,0xAA,0xAA,0xAA,0xAA,
  0x31,0xFF,0xFF,0xFF,0xEF,0xBB,0xBC,0xA2,0x2B,0xAB,0xEF,0xAF,0xFB,0xEA,0xAB,0x2A,0xBA,0xAA,0xAA,0xAA,
  0xAA,0xAA,0xAA,0xAA,0xAA,0xAA,0xAA,0xAA,0xAA,0xAA,0xAA,0xAA,0xAA,0xAA,0xAA,0xAA,0xAA,0xAA,0xAA,0x8A,
  0xEE,0xFF,0xFE,0xFF,0xFF,0xBF,0xFB,0xE2,0xB2,0xAA,0xAA,0xAA,0xAE,0xAE,0xEA,0xAA,0xAA,0xAB,0xEA,0xAA,
  0xAA,0xAA,0xAA,0xAA,0xAA,0xAA,0xAA,0xAA,0xAA,0xAA,0xAA,0x8A,0xAA,0xAA,0xAA,0xAA,0xAA,0xAA,0xAA,0xAA,
  0xFF,0xEF,0xFF,0x7F,0xFB,0xFB,0xFE,0xFA,0x2A,0xAF,0xC0,0x8A,0xAA,0xAA,0xAE,0xAE,0xAA,0xAA,0xAA,0xAA,
  0xAA,0xFA,0xAA,0xAA,0xAA,0xAA,0xAA,0xAA,0xAA,0xAA,0xAA,0xAA,0xAA,0xAA,0xAA,0xAA,0xAA,0xAA,0xAA,0xAA,
  0x5B,0xFF,0xFF,0xFF,0xBF,0xBF,0xBF,0xEE,0x88,0xAA,0xAB,0xEC,0x2A,0x20,0xAA,0xA2,0x8A,0xEA,0xAA,0xAA,
  0xAA,0xAA,0xAA,0xAE,0xAA,0xAA,0xAA,0xAA,0xAA,0xAA,0xAA,0xAA,0xAA,0xAA,0xAA,0xAA,0xAA,0xA2,0xAA,0xA2,
  0x67,0xFF,0xFF,0xFF,0xBF,0xEF,0xEF,0xBF,0xFE,0x88,0xBA,0xAA,0xBE,0xBE,0xA3,0xEA,0xA8,0xA8,0x8B,0xAE,
  0xAB,0xAA,0xAA,0xAA,0xAB,0xAA,0xAA,0xAA,0xAA,0xAA,0xAA,0xAA,0xAA,0xAA,0xAA,0xAA,0xAA,0xAA,0xAA,0xAA,
  0xFF,0xFF,0xFF,0xFF,0xFE,0xFF,0xFF,0xFF,0xBB,0xEA,0xAA,0x22,0xAA,0xAA,0x2A,0xAB,0xEE,0xFA,0xBA,0xFA,
  0xAA,0xAA,0xAA,0xAA,0xAA,0xAA,0xAA,0xAA,0xAA,0xA8,0xAA,0xAA,0xAA,0xAA,0xAA,0xAA,0xA2,0x8A,0x20,0x0A,
  0xFF,0xFF,0xFF,0xFF,0xFE,0xFB,0xEE,0xFF,0xBF,0xBE,0xFB,0x8A,0x8A,0x8A,0xAA,0x82,0xAA,0xAA,0xEB,0xAA,
  0xFE,0xEE,0xFB,0xEB,0xAA,0xEF,0xAA,0xAA,0xBA,0xAA,0x8A,0x0A,0xAA,0xAA,0xAA,0xAA,0xAA,0xAA,0xAA,0xAA,
  0xFF,0xFF,0xFF,0xFE,0xFF,0xFB,0xFF,0xFF,0xFF,0xFF,0xEF,0xBF,0xBF,0xE2,0x28,0x28,0xA2,0x2A,0xAA,0xAA,
  0xAA,0xAA,0xAA,0xAA,0xAA,0xAA,0xAB,0xBA,0xAA,0xE2,0xAA,0xAA,0xA8,0xAA,0xAA,0xAA,0xAE,0xAE,0x8A,0x88,
  0xFF,0xFF,0xFF,0xFE,0xFF,0xBF,0xBF,0xEF,0xFF,0xEF,0xFF,0xFF,0xFE,0xFB,0xAE,0xFB,0xBB,0xA8,0x22,0xCA,
  0x2A,0x8A,0x08,0x28,0x8E,0x2E,0xBA,0xAB,0xEA,0xAA,0xEB,0xEF,0xAA,0xA8,0x82,0x0A,0x2A,0x28,0xA8,0xAA,
  0xFF,0xFF,0xFF,0xFF,0xFF,0xBF,0xFF,0xFF,0xEF,0xFF,0xFF,0xFB,0xFF,0xFF,0xFF,0xFB,0xFF,0xFF,0xFF,0xFF,
  0xFF,0xFF,0xEA,0xAA,0xAA,0xAA,0xAA,0xAA,0xAA,0xAA,0xAA,0xAA,0xAE,0xEA,0xAB,0xAE,0xAE,0xAE,0xE2,0xAE,
  0xFF,0xFF,0xFF,0xFF,0xFF,0xFF,0xFE,0xFF,0xEF,0xBF,0xBF,0xFF,0xEF,0xFF,0xFB,0xFF,0xFE,0xFF,0xFF,0xFF,
  0xFF,0xFF,0xFF,0xFF,0xFF,0xFF,0xFF,0xFF,0xFF,0xFF,0xFF,0xFF,0xEA,0xAA,0xEA,0xAA,0xAA,0xAA,0xAA,0x2A,
  0xFF,0xFF,0xFF,0xFF,0xFF,0xFF,0xFF,0xFF,0xFF,0xFF,0xFF,0xFF,0xFF,0xFF,0xFF,0xFF,0xFF,0xFF,0xFF,0xFB,
  0xBF,0xFF,0xFF,0xFF,0xFF,0xFF,0xFF,0xFF,0xFF,0xFF,0xFF,0xFF,0xFF,0xFF,0xFF,0xFF,0xFF,0xFF,0xFF,0xFF,
};
static const uint8_t scene2_fixed[97][3]={
  {0,1,0},{2,1,0},{2,1,0},{2,1,0},{2,1,0},{2,1,0},{2,1,0},{2,1,0},{2,1,0},{2,1,0},{2,1,0},{2,1,0},{2,1,0},{2,1,0},{2,1,0},{2,1,0},{2,1,3},{2,1,3},{4,1,3},{4,1,3},{4,1,3},{4,1,3},{4,1,3},{4,1,3},{4,1,3},{4,1,3},{4,1,3},{4,1,3},{4,1,3},{4,1,3},{4,1,3},{4,1,3},{4,1,3},{4,1,3},{4,1,3},{4,1,3},{4,1,3},{4,1,3},{4,1,3},{4,1,3},{4,1,3},{4,1,3},{4,1,3},{4,1,3},{4,1,3},{4,1,3},{4,1,3},{4,1,3},{4,1,3},{4,1,3},{4,1,3},{4,1,3},{4,1,3},{4,1,3},{4,1,3},{4,1,3},{4,1,3},{4,1,3},{4,1,3},{4,1,3},{4,1,3},{4,1,3},{4,1,3},{4,1,3},{4,1,3},{4,1,3},{4,5,3},{4,5,3},{4,5,3},{4,5,3},{4,5,3},{4,5,3},{4,5,6},{4,5,6},{4,5,6},{4,5,6},{4,5,6},{4,5,6},{0,5,6},{4,5,6},{4,5,6},{4,5,6},{4,5,6},{4,5,6},{4,5,6},{4,5,6},{0,5,6},{4,5,6},{4,5,6},{4,5,6},{0,5,6},{0,5,6},{0,5,6},{0,5,6},{0,5,6},{0,5,6},{0,5,6}};
static const SceneRun scene2_runs[268]={{134,6},{135,6},{133,6},{136,6},{133,6},{139,6},{140,6},{138,6},{136,6},{134,6},{136,6},{134,6},{137,6},{135,6},{138,6},{135,6},{136,6},{141,6},{3,2},{142,6},{140,6},{138,6},{137,6},{140,6},{33,7},{138,6},{33,7},{141,6},{30,7},{138,6},{30,7},{145,6},{28,7},{85,8},{149,6},{27,7},{84,8},{144,6},{84,8},{141,6},{0,2},{21,7},{83,8},{148,6},{0,2},{21,7},{83,8},{142,6},{1,2},{14,7},{82,8},{144,6},{0,2},{14,7},{83,8},{143,6},{1,2},{81,8},{145,6},{0,2},{82,8},{147,6},{1,2},{81,8},{146,6},{0,2},{80,8},{151,6},{1,2},{78,8},{150,6},{0,2},{78,8},{149,6},{1,2},{79,8},{150,6},{0,2},{82,8},{3,2},{12,7},{79,8},{158,6},{0,2},{12,7},{50,2},{79,8},{156,6},{0,2},{8,7},{48,2},{78,8},{158,6},{0,2},{7,7},{46,2},{77,8},{3,2},{9,7},{77,8},{0,2},{6,7},{78,8},{1,2},{8,7},{80,8},{0,2},{8,7},{76,2},{78,8},{1,2},{8,7},{77,8},{0,2},{8,7},{77,8},{1,2},{8,7},{75,2},{79,8},{0,2},{8,7},{75,2},{77,8},{1,2},{8,7},{78,8},{0,2},{8,7},{75,2},{79,8},{0,2},{8,7},{77,8},{0,2},{8,7},{79,8},{0,2},{8,7},{82,8},{0,2},{6,7},{78,8},{0,2},{7,7},{47,2},{79,8},{3,2},{9,7},{47,2},{91,8},{0,2},{7,7},{47,2},{79,8},{0,2},{10,7},{47,2},{80,8},{0,2},{7,7},{50,2},{80,8},{0,2},{10,7},{46,2},{79,8},{0,2},{7,7},{46,2},{79,8},{157,6},{0,2},{10,7},{46,2},{78,8},{157,6},{0,2},{7,7},{46,2},{78,8},{156,6},{0,2},{10,7},{49,2},{78,8},{119,6},{0,2},{7,7},{49,2},{81,8},{125,6},{0,2},{10,7},{49,2},{77,8},{110,4},{118,6},{0,2},{7,7},{47,2},{83,8},{123,6},{0,2},{10,7},{84,8},{157,6},{0,2},{7,7},{65,2},{77,8},{0,2},{6,7},{80,8},{153,6},{0,2},{6,7},{78,8},{159,6},{0,2},{6,7},{81,8},{159,6},{0,2},{10,7},{80,8},{151,6},{0,2},{6,7},{94,8},{0,2},{8,7},{80,8},{28,7},{4,2},{29,7},{149,6},{2,2},{27,7},{86,8},{0,2},{28,7},{83,8},{0,2},{27,7},{60,2},{157,6},{30,7},{125,6},{32,7},{33,7},{47,2},{150,6},{37,7},{58,2},{44,7},{46,2},{119,6},{45,7},{49,2},{121,6},{54,2},{118,6},{71,2},{77,8},{135,6},{154,6},{156,6}};
static const uint16_t scene2_run_ofs[98]={0,1,2,3,4,5,6,7,8,9,10,11,12,13,14,15,16,17,18,20,21,22,23,24,26,28,30,32,35,38,40,44,48,52,56,59,62,65,68,71,74,77,79,83,88,93,97,100,103,106,110,113,116,120,124,127,131,134,137,140,143,147,151,155,159,163,167,172,177,182,187,192,198,203,207,211,215,219,223,227,230,233,234,237,240,243,247,249,250,253,255,258,261,263,266,267,268,268};
static const SceneCol scene2_pal[9]={{0,0,0},{117,131,221},{211,211,211},{119,72,11},{4,4,4},{59,73,164},{211,164,104},{171,171,171},{144,97,36}};
static const uint8_t scene3_bits[3880]={
  0xAA,0xAA,0xAA,0xAA,0xAA,0xAA,0xAA,0xAA,0xAA,0xAA,0xAA,0xAA,0xAA,0xAA,0xAA,0xAA,0xAA,0xAA,0xAA,0xAA,
  0xAA,0xAA,0xAA,0xAA,0xAA,0xAA,0xAA,0xAA,0xAA,0xAA,0xAA,0xAA,0xAA,0xAA,0xAA,0xAA,0xAA,0xAA,0xAA,0xAA,
  0xAA,0xAA,0xAA,0xAA,0xAA,0xAA,0xAA,0xAA,0xAA,0x88,0x26,0xAA,0xAA,0xAA,0xAA,0xAA,0xAA,0xAA,0xAA,0xAA,
  0xAA,0xAA,0xAA,0xAA,0xAA,0xAA,0xAA,0xAA,0xAA,0xAA,0xAA,0xAA,0xAA,0xAA,0xAA,0xAA,0xAA,0xAA,0xAA,0xAA,
  0xAA,0xAA,0xAA,0xAA,0xAA,0xAA,0xAA,0xAA,0xAA,0xAA,0x9A,0xAA,0xAA,0xAA,0xAA,0xAA,0xAA,0xAA,0xAA,0xAA,
  0xAA,0xAA,0xAA,0xAA,0xAA,0xAA,0xAA,0xAA,0xAA,0xAA,0xAA,0xAA,0xAA,0xAA,0xAA,0xAA,0xAA,0xAA,0xAA,0xAA,
  0xAA,0xAA,0xAA,0xAA,0xAA,0xAA,0xAA,0xAA,0xA8,0x89,0x92,0x2A,0xAA,0xAA,0xAA,0xAA,0xAA,0xAA,0xAA,0xAA,
  0xAA,0xAA,0xAA,0xAA,0xAA,0xAA,0xAA,0xAA,0xAA,0xAA,0xAA,0xAA,0xAA,0xAA,0xAA,0xAA,0xAA,0xAA,0xAA,0xAA,
  0xAA,0xAA,0xAA,0x8A,0xAA,0xAA,0xAA,0xAA,0xA2,0x2A,0x60,0xAA,0xAA,0xAA,0xAA,0xAA,0xAA,0xAA,0xAA,0xAA,
  0xAA,0xAA,0xAA,0xAA,0xAA,0xAA,0xAA,0xAA,0xAA,0xAA,0xAA,0xAA,0xAA,0xAA,0xAA,0xAA,0xAA,0xAA,0xAA,0xAA,
  0xAA,0xAA,0xA8,0x88,0xAA,0xAA,0xBF,0xAA,0x80,0x28,0x60,0x8A,0xAA,0xAA,0xAA,0xAA,0xAA,0xAA,0xAA,0xAA,
  0xAA,0xAA,0xAA,0xAA,0xAA,0xAA,0xAA,0xAA,0xAA,0xAA,0xAA,0xAA,0xAA,0xAA,0xAA,0xAA,0xAA,0xAA,0xAA,0xAA,
  0xAA,0xAA,0xAA,0x02,0xA2,0xAB,0xFF,0xE2,0x28,0x9A,0x56,0xAA,0xAA,0xAA,0xAA,0xAA,0xAA,0xAA,0xAA,0xAA,
  0xAA,0xAA,0xAA,0xAA,0xAA,0xAA,0xAA,0xAA,0xAA,0xAA,0xAA,0xAA,0xAA,0xAA,0xAA,0xAA,0xAA,0xAA,0xAA,0xAA,
  0xAA,0xAA,0x2A,0x32,0x2A,0xAF,0xFF,0x02,0x24,0x25,0x68,0x2A,0xAA,0xAA,0xAA,0xAA,0xAA,0xAA,0xAA,0xAA,
  0xAA,0xAA,0xAA,0xAA,0xAA,0xAA,0xAA,0xAA,0xAA,0xAA,0xAA,0xAA,0xAA,0xAA,0xAA,0xAA,0xAA,0xAA,0xAA,0xAA,
  0xAA,0xA2,0xA2,0x30,0x82,0x2F,0xFF,0x36,0xA6,0x29,0x80,0xAA,0xAA,0xAA,0xAA,0xAA,0xAA,0xAA,0xAA,0xAA,
  0xAA,0xAA,0xAA,0xAA,0xAA,0xAA,0xAA,0xAA,0xAA,0xAA,0xAA,0xAA,0xAA,0xAA,0xAA,0xAA,0xAA,0xAA,0xAA,0xAA,
  0xAA,0xA8,0x2A,0xA6,0x02,0xBF,0xFE,0xF1,0x98,0xA5,0x54,0xAA,0xA0,0x2A,0xAA,0xAA,0xAA,0xAA,0xAA,0xAA,
  0xAA,0xAA,0xAA,0xAA,0xAA,0xAA,0xA8,0x0A,0xAA,0xAA,0xAA,0xAA,0xAA,0xAA,0xAA,0xAA,0xAA,0xAA,0xAA,0xAA,
  0xAA,0xA8,0xCA,0xD2,0x12,0x2F,0xFC,0x2A,0x52,0x96,0x20,0xAA,0xA0,0x00,0x2A,0xAA,0xAA,0xAA,0xAA,0xAA,
  0xAA,0xAA,0xAA,0xAA,0xAA,0xA8,0x00,0x0A,0xAA,0xAA,0xAA,0xAA,0xAA,0xAA,0xAA,0xAA,0xAA,0xAA,0xAA,0xAA,
  0xAA,0xA8,0x35,0x0E,0x48,0xBF,0xFE,0xFA,0x4A,0x5A,0x82,0xAA,0xA0,0x00,0x00,0x02,0xAA,0xAA,0xAA,0xAA,
  0xAA,0xAA,0xAA,0xAA,0x80,0x00,0x00,0x0A,0xAA,0xAA,0xAA,0xAA,0xAA,0xAA,0xAA,0xAA,0xAA,0xAA,0xAA,0xAA,
  0xAA,0x8A,0x89,0x4E,0x52,0xBF,0xFF,0x35,0x29,0x60,0x2A,0xAA,0xA0,0x00,0x00,0x00,0x00,0x00,0xAA,0xAA,
  0xAA,0xAA,0x00,0x00,0x00,0x00,0x00,0x0A,0xAA,0xAA,0xAA,0xAA,0xAA,0xAA,0xAA,0xAA,0xAA,0xAA,0xAA,0xAA,
  0xAA,0xA0,0xAA,0xDB,0xF8,0xBF,0xFF,0xB2,0x65,0x60,0x8A,0xAA,0xA0,0x00,0x00,0x00,0x00,0x00,0x00,0x00,
  0x00,0x00,0x00,0x00,0x00,0x00,0x00,0x0A,0xAA,0xAA,0xAA,0xAA,0xAA,0xAA,0xAA,0xAA,0xAA,0xAA,0xAA,0xAA,
  0xAA,0x00,0xA0,0x51,0x32,0x2F,0xFF,0x0A,0x15,0x46,0x0A,0xAA,0xA8,0x00,0x00,0x00,0x00,0x00,0x00,0x00,
  0x00,0x00,0x00,0x00,0x00,0x00,0x00,0x2A,0xAA,0xAA,0xAA,0xAA,0xAA,0xAA,0xAA,0xAA,0xAA,0xAA,0xAA,0xAA,
  0xAA,0xC2,0x8A,0xD6,0x0C,0xAF,0xFF,0xA9,0x58,0x95,0x62,0xAA,0xA8,0x00,0x00,0x00,0x00,0x00,0x00,0x00,
  0x00,0x00,0x00,0x00,0x00,0x00,0x00,0x2A,0xAA,0xAA,0xAA,0xAA,0xAA,0xAA,0xAA,0xAA,0xAA,0xAA,0xAA,0xAA,
  0xAA,0x14,0xA8,0x45,0xC0,0xAB,0xFF,0x55,0x6A,0x08,0x22,0xAA,0xA8,0x00,0x00,0x00,0x00,0x00,0x00,0x00,
  0x00,0x00,0x00,0x00,0x00,0x00,0x00,0x2A,0xAA,0xAA,0xAA,0xAA,0xAA,0xAA,0xAA,0xAA,0xAA,0xAA,0xAA,0xAA,
  0xAA,0x81,0x60,0x5E,0x80,0xAA,0xA5,0x56,0xAA,0x22,0x4A,0xAA,0xAA,0x00,0x00,0x00,0x00,0x00,0x00,0x00,
  0x00,0x00,0x00,0x00,0x00,0x00,0x00,0xAA,0xAA,0xAA,0xAA,0xAA,0xAA,0xAA,0xAA,0xAA,0xAA,0xAA,0xAA,0xAA,
  0xAA,0x8B,0x51,0x7A,0x2A,0xAA,0x55,0x6A,0x02,0xA2,0x0A,0xAA,0xAA,0x00,0x00,0x00,0x00,0x00,0x00,0x00,
  0x00,0x00,0x00,0x00,0x00,0x00,0x00,0xAA,0xAA,0xAA,0xAA,0xAA,0xAA,0xAA,0xAA,0xAA,0xAA,0xAA,0xAA,0xAA,
  0xAA,0xAA,0xD5,0xA2,0xA0,0xA5,0x56,0xA0,0x20,0x20,0x2A,0xAA,0xAA,0x00,0x00,0x00,0x00,0x00,0x00,0x00,
  0x00,0x00,0x00,0x00,0x00,0x00,0x02,0xAA,0xAA,0xAA,0xAA,0xAA,0xAA,0xAA,0xAA,0xAA,0xAA,0xAA,0xAA,0xAA,
  0xAA,0x22,0xE7,0x88,0x29,0x55,0x58,0x8A,0xA8,0xA8,0xAA,0xAA,0xAA,0xAA,0xAA,0x80,0x2A,0xAA,0xAA,0xA8,
  0x2A,0xAA,0xAA,0xA8,0x02,0xAA,0xAA,0xAA,0xAA,0xAA,0xAA,0xAA,0xAA,0xAA,0xAA,0xAA,0xAA,0xAA,0xAA,0xAA,
  0xAA,0x88,0x96,0xA8,0x25,0x55,0x55,0xAA,0x5A,0x2A,0xAA,0xAA,0xAA,0xAA,0xAA,0x80,0x2A,0xAA,0xAA,0xA8,
  0x2A,0xAA,0xAA,0xA8,0x02,0xAA,0xAA,0xAA,0xAA,0xAA,0xAA,0xAA,0xAA,0xAA,0xAA,0xAA,0xAA,0xAA,0xAA,0xAA,
  0xAA,0xA8,0xDB,0x20,0x04,0x5A,0x55,0x55,0x00,0x2A,0xAA,0xAA,0xAA,0xAA,0xAA,0x80,0x2A,0xAA,0xAA,0xA8,
  0x2A,0xAA,0xAA,0xA8,0x02,0xAA,0xAA,0xAA,0xAA,0xAA,0xAA,0xAA,0xAA,0xAA,0xAA,0xAA,0xAA,0xAA,0xAA,0xAA,
  0xAA,0xAA,0x58,0x33,0x05,0x88,0xA5,0x55,0xA0,0x8A,0xAA,0xAA,0xAA,0xAA,0xAA,0x80,0x2A,0xAA,0xAA,0xA8,
  0x2A,0xAA,0xAA,0xA8,0x02,0xAA,0xAA,0xAA,0xAA,0xAA,0xAA,0xAA,0xAA,0xAA,0xAA,0xAA,0xAA,0xAA,0xAA,0xAA,
  0xAA,0xA7,0x53,0x64,0x2A,0x2A,0x8A,0x5A,0x6A,0xAA,0xAA,0xAA,0xAA,0xAA,0xAA,0x80,0x2A,0xAA,0xAA,0xA8,
  0x2A,0xAA,0xAA,0xA8,0x02,0xAA,0xAA,0xAA,0xAA,0xAA,0xAA,0xAA,0xAA,0xAA,0xAA,0xAA,0xAA,0xAA,0xAA,0xAA,
  0xAA,0xA5,0x4D,0xB4,0x28,0x02,0xAA,0x98,0x18,0x2A,0xAA,0xAA,0xAA,0xAA,0xAA,0x80,0x2A,0xAA,0xAA,0xA8,
  0x2A,0xAA,0xAA,0xA8,0x02,0xAA,0xAA,0xAA,0xAA,0xAA,0xAA,0xAA,0xAA,0xAA,0xAA,0xAA,0xAA,0xAA,0xAA,0xAA,
  0xA9,0x57,0xD4,0xF8,0xA8,0x08,0xA8,0x18,0x88,0x2A,0xAA,0xAA,0xAA,0xAA,0xAA,0x80,0x2A,0xAA,0xAA,0xA8,
  0x2A,0xAA,0xAA,0xA8,0x02,0xAA,0xAA,0xAA,0xAA,0xAA,0xAA,0xAA,0xAA,0xAA,0xAA,0xAA,0xAA,0xAA,0xAA,0xAA,
  0x95,0x55,0x55,0x16,0xFC,0x2A,0x82,0x92,0x24,0x8A,0xAA,0xAA,0xAA,0xAA,0x8A,0x80,0x2A,0x2A,0xAA,0xA8,
  0x2A,0xAA,0xA8,0xA8,0x02,0xA2,0xAA,0xAA,0xAA,0xAA,0xAA,0xAA,0xAA,0xAA,0xAA,0xAA,0xAA,0xAA,0xAA,0xAA,
  0x55,0x5D,0x51,0xD5,0x5B,0x8A,0x22,0x0A,0x00,0xAA,0xAA,0xAA,0xAA,0xAA,0x80,0x00,0x00,0x2A,0xAA,0xA8,
  0x2A,0xAA,0xA8,0x00,0x00,0x02,0xAA,0xAA,0xAA,0xAA,0xAA,0xAA,0xAA,0xAA,0xAA,0xAA,0xAA,0xAA,0xAA,0xAA,
  0x55,0x55,0x55,0x1D,0x57,0xAC,0xC2,0x8A,0xA2,0x2A,0xAA,0xAA,0xAA,0xAA,0x80,0x00,0x00,0x2A,0xAA,0xA8,
  0x2A,0xAA,0xA8,0x00,0x00,0x02,0xAA,0xAA,0xAA,0xAA,0xAA,0xAA,0xAA,0xAA,0xAA,0xAA,0xAA,0xAA,0xAA,0xAA,
  0x55,0x7F,0x9D,0x42,0x95,0xFB,0x0A,0x02,0x8A,0xAA,0xAA,0xAA,0xAA,0x00,0x00,0x00,0x00,0x00,0x00,0x00,
  0x00,0x00,0x00,0x00,0x00,0x00,0x00,0xAA,0xAA,0xAA,0xAA,0xAA,0xAA,0xAA,0xAA,0xAA,0xAA,0xAA,0xAA,0xAA,
  0x57,0x6A,0xA5,0x42,0xA5,0x65,0xAA,0xAA,0xAA,0xAA,0xAA,0xAA,0xAA,0x00,0x00,0x00,0x00,0x00,0x00,0x00,
  0x00,0x00,0x00,0x00,0x00,0x00,0x00,0xAA,0xAA,0xAA,0xAA,0xAA,0xAA,0xAA,0xAA,0xAA,0xAA,0xAA,0xAA,0xAA,
  0x76,0x88,0x3B,0x6A,0x89,0x5F,0x8A,0xAA,0xAA,0xAA,0xAA,0xAA,0xAA,0x00,0x00,0x00,0x00,0x00,0x00,0x00,
  0x00,0x00,0x00,0x00,0x00,0x00,0x00,0xAA,0xAA,0xAA,0xAA,0xAA,0xAA,0xAA,0xAA,0xAA,0xAA,0xAA,0xAA,0xAA,
  0x6A,0xA0,0x59,0x7C,0xA2,0xDE,0xAA,0xAA,0xAA,0xAA,0xAA,0xAA,0xAA,0x00,0x00,0x00,0x00,0x00,0x00,0x00,
  0x00,0x00,0x00,0x00,0x00,0x00,0x00,0xAA,0xAA,0xAA,0xAA,0xAA,0xAA,0xAA,0xAA,0xAA,0xAA,0xAA,0xAA,0xAA,
  0xAA,0x20,0x6D,0x74,0x2A,0xB4,0x22,0xAA,0xAA,0xAA,0xAA,0xAA,0xAA,0xAA,0xAA,0x80,0x2A,0xAA,0xAA,0xAA,
  0xAA,0xAA,0xAA,0xA8,0x02,0xAA,0xAA,0xAA,0xAA,0xAA,0xAA,0xAA,0xAA,0xAA,0xAA,0xAA,0xAA,0xAA,0xAA,0xAA,
  0xAA,0x8A,0xB7,0x78,0x22,0x3B,0xCA,0xAA,0xAA,0xAA,0xAA,0xAA,0xEA,0xAA,0xAA,0x80,0x2A,0xAA,0xAA,0xAA,
  0xAA,0xAA,0xAA,0xA8,0x02,0xAA,0xAA,0xA2,0xAA,0xAA,0xAA,0xAA,0xAA,0xAA,0xAA,0xAA,0xAA,0xAA,0xAA,0xAA,
  0xAA,0x22,0xDD,0xD8,0x2A,0xCC,0x02,0xAA,0xAA,0xAA,0xAA,0xAA,0xBA,0xAA,0xAA,0x80,0x2A,0xAA,0xAA,0xAA,
  0xAA,0xAA,0xAA,0xA8,0x02,0xAA,0xAA,0xBA,0xAA,0xAA,0xAA,0xAA,0xAA,0xAA,0xAA,0xAA,0xAA,0xAA,0xAA,0xAA,
  0xAA,0x80,0x7A,0xD6,0xA8,0xCA,0x2A,0xAA,0xAA,0xAA,0xAA,0xAA,0xBE,0xAA,0xAA,0x80,0x2A,0xAA,0xAA,0xAA,
  0xAA,0xAA,0xAA,0xA8,0x02,0xAA,0xAA,0xFA,0xAA,0xAA,0xAA,0xAA,0xAA,0xAA,0xAA,0xAA,0xAA,0xAA,0xAA,0xAA,
  0xAA,0x0D,0xE1,0xE5,0x28,0x0A,0x8A,0xAA,0xAA,0xAA,0xAA,0xAA,0x9C,0x3F,0xFF,0xC0,0x3F,0xFF,0xFF,0xFF,
  0xFF,0xFF,0xFF,0xFC,0x03,0xFF,0xF0,0xFA,0xAA,0xAA,0xAA,0xAA,0xAA,0x8A,0xAA,0xAA,0xAA,0x8A,0xAA,0xAA,
  0xAA,0x80,0xA1,0xA2,0xA8,0x08,0x2A,0xAA,0xAA,0xAA,0xAA,0xAA,0xBF,0xFF,0xFF,0xC0,0x3F,0xFF,0xFF,0xFF,
  0xFF,0xFF,0xFF,0xFC,0x03,0xFF,0xFF,0xFA,0xAA,0xAA,0xAA,0xAA,0xAA,0xA2,0xAA,0xAA,0xAA,0x2A,0xAA,0xAA,
  0xAA,0x22,0x88,0x28,0x8A,0x22,0xAA,0xAA,0xAA,0xAA,0xAA,0x2A,0xFF,0xFF,0xFF,0xC0,0x3F,0xFF,0xFF,0xFF,
  0xFF,0xFF,0xFF,0xFC,0x03,0xFF,0xFF,0xFE,0xAA,0xAA,0xAA,0xAA,0xAA,0xA0,0xAA,0xAA,0xA8,0x2A,0xAA,0xAA,
  0xAA,0x88,0x8A,0x8A,0xA8,0x88,0xAA,0xAA,0xAA,0xAA,0xAA,0x8F,0xFF,0xFF,0xFF,0xC0,0x3F,0xFF,0xFF,0xFF,
  0xFF,0xFF,0xFF,0xFC,0x03,0xFF,0xFF,0xFF,0x8A,0xAA,0xAA,0xAA,0xAA,0xA0,0x00,0x00,0x00,0x2A,0xAA,0xAA,
  0xAA,0xAA,0xA2,0x2A,0xAA,0xAA,0xAA,0xAA,0xAA,0xAA,0xAA,0xA3,0xFF,0xFF,0xFF,0xC0,0x3F,0xFF,0xFF,0xFC,
  0x3F,0xFF,0xFF,0xFC,0x03,0xFF,0xFF,0xFF,0xCA,0xAA,0xAA,0xAA,0xAA,0xA0,0x00,0x00,0x00,0x2A,0xAA,0xAA,
  0xAA,0xAA,0xAA,0xAA,0xAA,0xAA,0xAA,0xAA,0xAA,0xAA,0xAA,0xA8,0xCC,0xCC,0xCC,0xC0,0x0C,0xCC,0xCC,0xF0,
  0x0C,0xCC,0xCC,0xCC,0x03,0x33,0x30,0xC3,0x2A,0xAA,0xAA,0xAA,0xAA,0x80,0x00,0x00,0x00,0x0A,0xAA,0xAA,
  0xAA,0xAA,0xAA,0xAA,0xAA,0xAA,0xAA,0xAA,0xAA,0xAA,0xAA,0xAA,0x3F,0xFF,0xFF,0xC0,0x3F,0xFF,0xFF,0xF0,
  0x0F,0xFF,0xFF,0xFC,0x03,0xFF,0xFF,0xFC,0xAA,0xAA,0xAA,0xAA,0xA2,0x00,0x00,0x00,0x00,0x02,0x2A,0xAA,
  0xAA,0xAA,0xAA,0xAA,0xAA,0xAA,0xAA,0xAA,0xAA,0xAA,0xAA,0xAA,0xB5,0x75,0x75,0x40,0x15,0xD5,0xD5,0xD4,
  0x15,0xD5,0xD5,0xDC,0x01,0xD5,0xD5,0x72,0xAA,0xAA,0xAA,0xAA,0xA1,0x00,0x00,0x00,0x00,0x01,0x2A,0xAA,
  0xAA,0xAA,0xAA,0xAA,0xAA,0xAA,0xAA,0xAA,0xAA,0xAA,0xAA,0xAA,0xBF,0xFF,0xFF,0xC0,0x3F,0xFF,0xFF,0xFF,
  0xFF,0xFF,0xFF,0xFC,0x03,0xFF,0xFF,0xFA,0xAA,0xAA,0xAA,0xAA,0xA8,0x55,0x55,0x55,0x55,0x54,0xAA,0xAA,
  0xAA,0xAA,0xAA,0xAA,0xAA,0xAA,0xAA,0xAA,0xAA,0xAA,0xAA,0xAA,0xFF,0xFF,0xFF,0xC0,0x3F,0xFF,0xFF,0xFC,
  0xFF,0xFF,0xFF,0xFC,0x03,0xFF,0xFF,0xFE,0xAA,0xAA,0xAA,0xAA,0xAA,0x00,0x00,0x00,0x00,0x02,0xAA,0xAA,
  0xAA,0xAA,0xAE,0xAA,0xAA,0xAA,0xAA,0xAE,0xAA,0xAA,0xAA,0xAF,0xFF,0xFF,0xFF,0xC0,0x3F,0xFF,0xFF,0xFF,
  0xFF,0xFF,0xFF,0xFC,0x03,0xFF,0xFF,0xFF,0xEA,0xAA,0xAA,0xAA,0xAA,0x81,0x54,0x54,0x55,0x0A,0xAA,0xAA,
  0xEA,0xAA,0xAF,0xFF,0xFF,0xFF,0xFF,0xFE,0xAA,0xAA,0x6B,0xFF,0xFF,0xFF,0xFF,0xC0,0x3F,0xFF,0xFF,0xFC,
  0xFF,0xFF,0xFF,0xFC,0x03,0xFF,0xFF,0xFF,0xFF,0xA8,0xAA,0xAA,0xAA,0xA0,0x00,0x00,0x00,0x2A,0xAA,0xAA,
  0xFA,0xEA,0xBF,0xFF,0xFF,0xFF,0xFF,0xFF,0xAA,0xAA,0x7F,0xFF,0xFF,0xFF,0xFF,0xC0,0x3F,0xFF,0xFF,0xFF,
  0xFF,0xFF,0xFF,0xFC,0x03,0xFF,0xFF,0xFF,0xFF,0xFC,0xAA,0xAA,0xAA,0x80,0x00,0x00,0x00,0x0A,0xAA,0xAA,
  0xFF,0x6A,0xFF,0xFF,0xFF,0xFF,0xFF,0xFF,0xEA,0xAA,0xF7,0xFF,0xFF,0xFF,0xFF,0xC0,0x3F,0xFF,0xFF,0xF5,
  0x5F,0xFF,0xFF,0xFC,0x03,0xFF,0xFF,0xFF,0xFF,0x7C,0xAA,0xAA,0xA8,0x00,0x00,0x00,0x00,0x00,0xAA,0xAA,
  0xFD,0xAA,0xBB,0xBB,0x33,0xBB,0xBB,0xBB,0xAA,0xAA,0xBD,0x55,0x55,0x55,0x55,0x40,0x15,0x55,0x55,0x57,
  0xD5,0x55,0x55,0x54,0x01,0x55,0x55,0x55,0x55,0xC2,0xAA,0xA9,0x80,0x00,0x00,0x00,0x00,0x00,0x09,0xAA,
  0xF6,0xAA,0xBF,0xF0,0xA3,0xF8,0xFF,0xFF,0xAA,0xAA,0xAB,0xFF,0xFF,0xFF,0xFF,0xC0,0x3F,0xFF,0xFF,0xFF,
  0xFF,0xFF,0xFF,0xFC,0x03,0xFF,0xFF,0xFF,0xFF,0x0A,0xA2,0xA5,0x00,0x00,0x00,0x00,0x00,0x00,0x01,0x6A,
  0x5A,0xAA,0xFF,0xC2,0x08,0xF3,0x3F,0xFF,0xEB,0xFF,0xEA,0xBC,0x3F,0x0F,0xC3,0xC0,0x3C,0x3F,0x0F,0xC0,
  0x03,0xF0,0xFC,0x3C,0x03,0x0F,0xC3,0xF0,0xF0,0xAA,0xA0,0xA9,0x00,0x00,0x00,0x00,0x00,0x00,0x01,0xAA,
  0xFA,0xAB,0xFF,0xC6,0x12,0xC0,0x4F,0xFF,0xFA,0xEB,0xAA,0xB1,0x4C,0x53,0x14,0xC0,0x31,0x4C,0x53,0x05,
  0x50,0xC5,0x31,0x4C,0x00,0x53,0x14,0xC5,0x3A,0xAA,0xA0,0x28,0x41,0x40,0x54,0x10,0x54,0x05,0x04,0xAA,
  0xFA,0xA8,0x95,0x89,0x24,0x04,0x49,0x55,0x43,0xFF,0xEA,0xB5,0x5D,0x57,0x55,0xC0,0x35,0x5D,0x57,0x55,
  0x55,0xD5,0x75,0x5C,0x01,0x57,0x55,0xD5,0x7A,0xAA,0xA0,0x2A,0x15,0x15,0x01,0x45,0x01,0x51,0x52,0xAA,
  0x7A,0xA0,0xFE,0x22,0x62,0x11,0x43,0xEF,0xDF,0xFF,0xFA,0xB4,0x1D,0x07,0x41,0xC0,0x34,0x1D,0x07,0x40,
  0x01,0xD0,0x74,0x1C,0x01,0x07,0x41,0xD0,0x7A,0xAA,0xA0,0x2A,0x80,0x00,0x00,0x00,0x00,0x00,0x0A,0xAF,
  0x7A,0xA2,0xEB,0x88,0x43,0x15,0x12,0xBA,0xD1,0x55,0x7A,0xB4,0x1D,0x07,0x41,0xC0,0x34,0x1D,0x07,0x40,
  0x01,0xD0,0x74,0x1C,0x01,0x07,0x41,0xD0,0x7A,0xFF,0xE2,0x2F,0xAC,0x53,0x14,0xCC,0x53,0x14,0xEA,0xBD,
  0x7A,0x84,0xFE,0x01,0x4B,0xC1,0x03,0xEF,0xD1,0x7D,0x6A,0xB5,0x5D,0x57,0x55,0xC0,0x35,0x5D,0x57,0x55,
  0x55,0xD5,0x75,0x5C,0x01,0x57,0x55,0xD5,0x7B,0xFF,0xF2,0xAF,0xAD,0x57,0x55,0xDD,0x57,0x55,0xEA,0x95,
  0xFF,0xFF,0xFF,0xFF,0xFF,0xFF,0xFF,0xFF,0xFF,0xFF,0xFF,0xFF,0xFF,0xFF,0xFF,0xC0,0x3F,0xFF,0xFF,0xFF,
  0xFF,0xFF,0xFF,0xFC,0x03,0xFF,0xFF,0xFF,0xFF,0xFF,0xFF,0xFF,0xFF,0xFF,0xFF,0xFF,0xFF,0xFF,0xFF,0xFF,
  0xFF,0xFF,0xFF,0xFF,0xFF,0xFF,0xFF,0xFF,0xFF,0xFF,0xFF,0xFF,0xFF,0xFF,0xFF,0xC0,0x3F,0xFF,0xFF,0xFF,
  0xFF,0xFF,0xFF,0xFC,0x03,0xFF,0xFF,0xFF,0xFF,0xFF,0xFF,0xFF,0xFF,0xFF,0xFF,0xFF,0xFF,0xFF,0xFF,0xFF,
  0xFF,0xFF,0xFF,0xFF,0xFF,0xFF,0xFF,0xFF,0xFF,0xFF,0xFF,0xFF,0xFF,0xFF,0xFF,0xC0,0x3F,0xFF,0xD5,0x57,
  0xD5,0x57,0xFF,0xFC,0x03,0xFF,0xFF,0xFF,0xFF,0xFF,0xFF,0xFF,0xFF,0xFF,0xFF,0xFF,0xFF,0xFF,0xFF,0xFF,
  0xFF,0xFF,0xFF,0xFF,0xFF,0xFF,0xFF,0xFF,0xFF,0xFF,0xFF,0xFF,0xFF,0xFF,0xFF,0xC0,0x3F,0xFF,0xD5,0x57,
  0xD5,0x57,0xFF,0xFC,0x03,0xFF,0xFF,0xFF,0xFF,0xFF,0xFF,0xFF,0xFF,0xFF,0xFF,0xFF,0xFF,0xFF,0xFF,0xFF,
  0xFF,0xFF,0xFF,0xFF,0xFF,0xFF,0xFF,0xFF,0xFF,0xFF,0xFF,0xFF,0xFF,0xFF,0xFF,0xC0,0x3F,0xFF,0xFF,0xFF,
  0xFF,0xFF,0xFF,0xFC,0x03,0xFF,0xFF,0xFF,0xFF,0xFF,0xFF,0xFF,0xFF,0xFF,0xFF,0xFF,0xFF,0xFF,0xFF,0xFF,
  0xFF,0xFF,0xFF,0xFF,0xFF,0xFF,0xFF,0xFF,0xFF,0xFF,0xFF,0xFF,0xFF,0xFF,0xFF,0xC0,0x3F,0xFF,0xFF,0xFF,
  0xFF,0xFF,0xFF,0xFC,0x03,0xFF,0xFF,0xFF,0xFF,0xFF,0xFF,0xFF,0xFF,0xFF,0xFF,0xFF,0xFF,0xFF,0xFF,0xFF,
  0xFF,0xFF,0xFF,0xFF,0xFF,0xFF,0xFF,0xFF,0xFF,0xFF,0xFF,0xFF,0xFF,0xFF,0xFF,0xC0,0x3F,0xFF,0xFF,0xFC,
  0x3F,0xFF,0xFF,0xFC,0x03,0xFF,0xFF,0xFF,0xFF,0xFF,0xFF,0xFF,0xFF,0xFF,0xFF,0xFF,0xFF,0xFF,0xFF,0xFF,
  0xFF,0xFF,0xFF,0xFF,0xFF,0xFF,0xFF,0xFF,0xFF,0xFF,0xFF,0xFF,0xFF,0xFF,0xFF,0xC0,0x3F,0xCF,0xFF,0xF0,
  0x0F,0xFF,0xF3,0xFC,0x03,0xFF,0xFF,0xFF,0xFF,0xFF,0xFF,0xFF,0xFF,0xFF,0xFF,0xFF,0xFF,0xFF,0xFF,0xFF,
  0xFF,0xFF,0xFF,0xFF,0xFF,0xFF,0xFF,0xFF,0xFF,0xFF,0xFF,0xFF,0xFF,0xFF,0xFF,0xC0,0x3F,0x03,0xFF,0xF0,
  0x0F,0xFF,0xC0,0xFC,0x03,0xFF,0xFF,0xFF,0xFF,0xFF,0xFF,0xFF,0xFF,0xFF,0xFF,0xFF,0xFF,0xFF,0xFF,0xFF,
  0xFF,0xFF,0xFF,0xFF,0xFF,0xFF,0xFF,0xFF,0xFF,0xFF,0xFF,0xFF,0xFF,0xFF,0xFF,0xC0,0x3F,0x03,0xFF,0xF0,
  0x0F,0xFF,0xC0,0xFC,0x03,0xFF,0xFF,0xFF,0xFF,0xFF,0xFF,0xFF,0xFF,0xFF,0xFF,0xFF,0xFF,0xFF,0xFF,0xFF,
  0xFF,0xFF,0xFF,0xFF,0xFF,0xFF,0xFF,0xFF,0xFF,0xFF,0xFF,0xFF,0xFF,0xFF,0xFF,0xC0,0x3F,0x03,0xFF,0xF0,
  0x0F,0xFF,0xC0,0xFC,0x03,0xFF,0xFF,0xFF,0xFF,0xFF,0xFF,0xFF,0xFF,0xFF,0xFF,0xFF,0xFF,0xFF,0xFF,0xFF,
  0xFF,0xFF,0xFF,0xFF,0xFF,0xFF,0xFF,0xFF,0xFF,0xFF,0xFF,0xFF,0xFF,0xFF,0xFF,0xC0,0x3F,0xAB,0xFF,0xF5,
  0x5F,0xFF,0xEA,0xFC,0x03,0xFF,0xFF,0xFF,0xFF,0xFF,0xFF,0xFF,0xFF,0xFF,0xFF,0xFF,0xFF,0xFF,0xFF,0xFF,
  0xAA,0xAA,0xAA,0xAA,0xAA,0xAA,0xAA,0xAA,0xAA,0xAA,0xAA,0xAA,0xAA,0xAA,0xAA,0x80,0x2A,0xAA,0xAA,0xA5,
  0x5A,0xAA,0xAA,0xA8,0x02,0xAA,0xAA,0xAA,0xAA,0xAA,0xAA,0xAA,0xAA,0xAA,0xAA,0xAA,0xAA,0xAA,0xAA,0xAA,
  0xAA,0xAA,0xAA,0xAA,0xAA,0xAA,0xAA,0xAA,0xAA,0xAA,0xAA,0xAA,0xAA,0xAA,0xAA,0x80,0x2A,0xAA,0xAA,0xB5,
  0x5E,0xAA,0xAA,0xA8,0x02,0xAA,0xAA,0xAA,0xAA,0xAA,0xAA,0xAA,0xAA,0xAA,0xAA,0xAA,0xAA,0xAA,0xAA,0xAA,
  0xAA,0xAA,0xAA,0xAA,0xAA,0xAA,0xAA,0xAA,0xAA,0xAA,0xAA,0xAA,0xAA,0xAA,0xAA,0x80,0x2A,0xAA,0xAA,0xD5,
  0x57,0xAA,0xAA,0xA8,0x02,0xAA,0xAA,0xAA,0xAA,0xAA,0xAA,0xAA,0xAA,0xAA,0xAA,0xAA,0xAA,0xAA,0xAA,0xAA,
  0xAA,0xAA,0xAA,0xAA,0xAA,0xAA,0xAA,0xAA,0xAA,0xAA,0xAA,0xAA,0xAA,0xAA,0xAA,0x80,0x2A,0xAA,0xAB,0x55,
  0x55,0xEA,0xAA,0xA8,0x02,0xAA,0xAA,0xAA,0xAA,0xAA,0xAA,0xAA,0xAA,0xAA,0xAA,0xAA,0xAA,0xAA,0xAA,0xAA,
  0xAA,0xAA,0xAA,0xAA,0xAA,0xAA,0xAA,0xAA,0xAA,0xAA,0xAA,0xAA,0xAA,0xAA,0xAA,0x80,0x2A,0xAA,0xAD,0x55,
  0x55,0x7A,0xAA,0xA8,0x02,0xAA,0xAA,0xAA,0xAA,0xAA,0xAA,0xAA,0xAA,0xAA,0xAA,0xAA,0xAA,0xAA,0xAA,0xAA,
  0xAA,0xAA,0xAA,0xAA,0xAA,0xAA,0xAA,0xAA,0xAA,0xAA,0xAA,0xFF,0xFF,0xFE,0xAA,0x80,0x2A,0xAA,0xB5,0x55,
  0x55,0x5E,0xAA,0xA8,0x02,0xAA,0xAA,0xAA,0xAA,0xAA,0xAA,0xAA,0xAA,0xAA,0xAA,0xAA,0xAA,0xAA,0xAA,0xAA,
  0xAA,0xAA,0xAA,0xAA,0xAA,0xAA,0xAA,0xAA,0xAA,0xAA,0xAA,0xCD,0x74,0x5E,0xAA,0x80,0x2A,0xAA,0xD5,0x55,
  0x55,0x57,0xAA,0xA8,0x02,0xAA,0xAA,0xAA,0xAA,0xAA,0xAA,0xAA,0xAA,0xAA,0xAA,0xAA,0xAA,0xAA,0xAA,0xAA,
  0xAA,0xAA,0xAA,0xAA,0xAA,0xAA,0xAA,0xAA,0xAA,0xAA,0xAA,0xCD,0x7C,0xDE,0xAA,0x80,0x2A,0xAB,0x55,0x55,
  0x55,0x55,0xEA,0xA8,0x02,0xAA,0xAA,0xAA,0xAA,0xAA,0xAA,0xAA,0xAA,0xAA,0xAA,0xAA,0xAA,0xAA,0xAA,0xAA,
  0xAA,0xAA,0xAA,0xAA,0xAA,0xAA,0xAA,0xAA,0xAA,0xAA,0xAA,0xFD,0x77,0x7E,0xAA,0x80,0x2A,0xAD,0x55,0x55,
  0x55,0x55,0x7A,0xA8,0x02,0xAA,0xAA,0xAA,0xAA,0xAA,0xAA,0xAA,0xAA,0xAA,0xAA,0xAA,0xAA,0xAA,0xAA,0xAA,
  0xAA,0xAA,0xAA,0xAA,0xAA,0xAA,0xAA,0xAA,0xAA,0xAA,0xAA,0xCF,0xDF,0x4E,0xAA,0x80,0x2A,0xB5,0x55,0x55,
  0x55,0x55,0x5E,0xA8,0x02,0xAA,0xAA,0xAA,0xAA,0xAA,0xAA,0xAA,0xAA,0xAA,0xAA,0xAA,0xAA,0xAA,0xAA,0xAA,
  0xAA,0xAA,0xAA,0xAA,0xAA,0xAA,0xAA,0xAA,0xAA,0xAA,0xAA,0xFF,0xFF,0xFE,0xAA,0x80,0x2A,0xD5,0x55,0x55,
  0x55,0x55,0x57,0xA8,0x02,0xAA,0xAA,0xAA,0xAA,0xAA,0xAA,0xAA,0xAA,0xAA,0xAA,0xAA,0xAA,0xAA,0xAB,0xAA,
  0xBA,0xAA,0xAA,0xBA,0xAA,0xAA,0xAE,0xAA,0xAA,0xAB,0xAA,0xEA,0xAA,0xEE,0xAA,0x80,0x2B,0x55,0x55,0x55,
  0x55,0x55,0x55,0xE8,0x02,0xAA,0xAE,0xAA,0xAA,0xAB,0xAA,0xAA,0xAB,0xAA,0xAA,0xAB,0xAA,0xAA,0xAB,0xAA,
  0xBA,0xAA,0xAA,0xBA,0xAA,0xAA,0xAE,0xAA,0xAA,0xAB,0xAA,0xEA,0xAA,0xEE,0xAA,0x80,0x2D,0x55,0x55,0x55,
  0x55,0x55,0x55,0x78,0x02,0xAA,0xAE,0xAA,0xAA,0xAB,0xAA,0xAA,0xAB,0xAA,0xAA,0xAB,0xAA,0xAA,0xAB,0xAA,
  0xFE,0xAA,0xAB,0xEF,0xFF,0xFF,0xFF,0xFF,0xFF,0xFF,0xFF,0xFF,0xFF,0xFE,0xAA,0x80,0x25,0x55,0x55,0x55,
  0x55,0x55,0x55,0x58,0x02,0xAA,0xAF,0xFF,0xFF,0xFF,0xFF,0xFF,0xFF,0xFF,0xFF,0xFF,0xFF,0xFF,0xFF,0xAA,
  0xBA,0xAA,0xAA,0xBA,0xAA,0xAA,0xAE,0xAA,0xAA,0xAB,0xAA,0xEA,0xAA,0xEE,0xAA,0x80,0x15,0x55,0x55,0x55,
  0x55,0x55,0x55,0x54,0x02,0xAA,0xAE,0xAA,0xAA,0xAB,0xAA,0xAA,0xAB,0xAA,0xAA,0xAB,0xAA,0xAA,0xAB,0xAA,
  0xBA,0xAA,0xAA,0xBA,0xAA,0xAA,0xAE,0xAA,0xAA,0xAB,0xAA,0xEA,0xAA,0xEE,0xAA,0x80,0x55,0x55,0x55,0x55,
  0x55,0x55,0x55,0x55,0x02,0xAA,0xAE,0xAA,0xAA,0xAB,0xAA,0xAA,0xAB,0xAA,0xAA,0xAB,0xAA,0xAA,0xAB,0xAA,
  0xBA,0xAA,0xAA,0xBA,0xAA,0xAA,0xAE,0xAA,0xAA,0xAB,0xAA,0xEA,0xAA,0xEE,0xAA,0xA9,0x55,0x55,0x55,0x55,
  0x55,0x55,0x55,0x55,0x6A,0xAA,0xAE,0xAA,0xAA,0xAB,0xAA,0xAA,0xAB,0xAA,0xAA,0xAB,0xAA,0xAA,0xAB,0xAA,
  0xBA,0xAA,0xAA,0xBA,0xAA,0xAA,0xAE,0xAA,0xAA,0xAB,0xAA,0xEA,0xAA,0xEE,0xAA,0xF5,0x55,0x55,0x55,0x55,
  0x55,0x55,0x55,0x55,0x5F,0xAA,0xAE,0xAA,0xAA,0xAB,0xAA,0xAA,0xAB,0xAA,0xAA,0xAB,0xAA,0xAA,0xAB,0xAA,
  0xFF,0xFF,0xFF,0xFF,0xFF,0xFF,0xFF,0xFF,0xFF,0xFF,0xFF,0xFF,0xFF,0xEA,0xAB,0xD5,0x55,0x55,0x55,0x55,
  0x55,0x55,0x55,0x55,0x57,0xEA,0xAF,0xFF,0xFF,0xFF,0xEA,0xAA,0xAB,0xFF,0xFF,0xFF,0xFF,0xFF,0xFF,0xFF,
  0xBA,0xAA,0xEA,0xBA,0xAA,0xAA,0xAE,0xAA,0xAA,0xAB,0xAA,0xAA,0xAA,0xEA,0xAF,0x55,0x55,0x55,0x55,0x55,
  0x55,0x55,0x55,0x55,0x55,0xFA,0xAE,0xAA,0xAA,0xAB,0x96,0xAA,0xBF,0xAA,0xAA,0xAB,0xAA,0xAA,0xAB,0xAA,
  0xBB,0xEE,0xAA,0xBA,0xAA,0xAA,0xAE,0xAA,0xAA,0xAB,0xAA,0xAA,0xAA,0xEA,0xBD,0x55,0x55,0x55,0x55,0x55,
  0x55,0x55,0x55,0x55,0x55,0x7E,0xAE,0xAA,0xAA,0xAB,0xA9,0x69,0x6B,0xAA,0xAA,0xAB,0xAA,0xAA,0xAB,0xAA,
  0xAA,0xAA,0xAA,0xAA,0xAA,0xAA,0xAA,0xAA,0xAA,0xAA,0xAA,0xAA,0xAA,0xAA,0xF5,0x55,0x55,0x55,0x55,0x55,
  0x55,0x55,0x55,0x55,0x55,0x5F,0xAA,0xAA,0xAA,0xAA,0xAA,0xAA,0xAA,0xAA,0xAA,0xAA,0xAA,0xAA,0xAA,0xAA,
  0xAA,0xAA,0xAA,0xAA,0xAA,0xAA,0xAA,0xAA,0xAA,0xAA,0xAA,0xAA,0xAA,0xAB,0xD5,0x55,0x55,0x55,0x55,0x55,
  0x55,0x55,0x55,0x55,0x55,0x57,0xEA,0xAA,0xAA,0xAA,0xAA,0xAA,0xAA,0xAA,0xAA,0xAA,0xAA,0xAA,0xAA,0xAA,
  0xFF,0xFF,0xFF,0xFF,0xFF,0xFF,0xFF,0xFF,0xFF,0xFF,0xFF,0xFF,0xFF,0xFF,0x55,0x55,0x55,0x55,0x55,0x55,
  0x55,0x55,0x55,0x55,0x55,0x55,0xFF,0xFF,0xFF,0xFF,0xFF,0xFF,0xFF,0xFF,0xFF,0xFF,0xFF,0xFF,0xFF,0xFF,
  0xFF,0xFF,0xFF,0xFF,0xFF,0xFF,0xFF,0xFF,0xFF,0xFF,0xFF,0xFF,0xFF,0xFD,0x55,0x55,0x55,0x55,0x55,0x55,
  0x55,0x55,0x55,0x55,0x55,0x55,0x7F,0xFF,0xFF,0xFF,0xFF,0xFF,0xFF,0xFF,0xFF,0xFF,0xFF,0xFF,0xFF,0xFF,
};
static const uint8_t scene3_fixed[97][3]={
  {0,1,0},{2,1,0},{2,1,0},{2,1,0},{2,1,0},{2,1,3},{2,1,3},{2,1,3},{2,1,3},{2,1,3},{2,1,3},{2,1,3},{2,1,3},{2,1,3},{2,1,3},{2,1,3},{2,1,3},{2,1,3},{2,1,3},{2,1,3},{2,1,3},{2,1,0},{2,1,3},{2,1,3},{2,1,3},{2,1,3},{2,1,3},{2,1,3},{2,1,3},{2,1,3},{2,1,3},{2,1,3},{2,1,3},{2,1,3},{2,1,3},{2,1,3},{4,5,6},{4,5,6},{4,5,6},{4,5,6},{0,5,6},{0,5,6},{0,5,6},{0,5,6},{0,5,6},{4,5,6},{4,5,6},{0,5,6},{4,5,6},{4,5,6},{4,5,6},{4,5,6},{4,5,6},{4,5,6},{4,5,6},{4,5,6},{4,5,6},{4,5,6},{4,5,6},{4,5,6},{0,0,7},{0,0,7},{8,0,7},{8,0,7},{0,0,7},{0,0,7},{0,0,7},{0,0,7},{0,0,7},{0,0,7},{0,0,7},{8,2,7},{8,2,0},{8,2,7},{8,2,9},{8,2,9},{8,2,9},{8,2,9},{8,2,9},{8,2,9},{8,2,9},{8,2,9},{8,2,9},{8,2,9},{8,2,9},{8,2,9},{8,2,9},{8,2,9},{8,2,9},{8,2,9},{8,2,9},{8,2,9},{8,2,9},{8,2,9},{8,2,9},{8,0,9},{8,0,9}};
static const SceneRun scene3_runs[162]={{37,10},{35,10},{44,11},{13,10},{11,10},{45,11},{12,10},{8,10},{44,11},{6,10},{7,10},{50,11},{7,10},{50,11},{7,10},{50,11},{5,10},{50,11},{6,10},{50,11},{4,10},{51,11},{5,10},{51,11},{4,10},{51,11},{5,10},{52,11},{5,10},{52,11},{14,10},{52,11},{4,10},{61,11},{5,10},{61,11},{7,10},{61,11},{11,10},{61,11},{10,10},{61,11},{9,10},{61,11},{11,10},{61,11},{12,10},{57,11},{10,10},{57,11},{12,10},{57,11},{13,10},{52,11},{13,10},{52,11},{5,10},{52,11},{6,10},{52,11},{4,10},{61,11},{5,10},{61,11},{4,10},{61,11},{5,10},{61,11},{4,10},{51,11},{133,12},{5,10},{61,11},{134,12},{4,10},{44,11},{134,12},{5,10},{45,11},{134,12},{10,10},{46,11},{134,12},{47,11},{133,12},{48,11},{130,12},{61,11},{130,12},{61,11},{131,12},{61,11},{132,12},{61,11},{133,12},{61,11},{119,13},{134,12},{61,11},{119,13},{133,12},{61,11},{119,13},{131,12},{16,10},{61,11},{117,13},{129,12},{14,10},{61,11},{116,13},{122,12},{154,13},{13,10},{47,11},{122,12},{154,13},{13,10},{46,11},{122,12},{155,13},{7,10},{61,11},{122,12},{154,13},{6,10},{47,11},{122,12},{6,10},{47,11},{122,12},{5,10},{61,11},{122,12},{61,11},{61,11},{61,11},{61,11},{61,11},{61,11},{61,11},{61,11},{61,11},{61,11},{61,11},{61,11},{61,11},{61,11},{61,11},{61,11},{61,11},{61,11},{45,11},{45,11},{61,11},{45,11},{61,11},{61,11},{61,11},{61,11},{61,11},{61,11}};
static const uint16_t scene3_run_ofs[98]={0,0,1,1,3,4,6,7,9,10,12,14,16,18,20,22,24,26,28,30,32,34,36,38,40,42,44,46,48,50,52,54,56,58,60,62,64,66,68,71,74,77,80,83,85,87,89,91,93,95,98,101,104,108,113,117,121,125,128,131,134,135,136,137,138,139,140,141,142,143,144,145,146,147,148,149,150,151,152,153,154,155,156,157,158,159,160,161,162,162,162,162,162,162,162,162,162,162};
static const SceneCol scene3_pal[14]={{0,0,0},{100,144,200},{91,44,0},{232,217,122},{26,109,63},{89,155,169},{104,27,35},{104,104,104},{144,97,36},{171,171,171},{255,187,195},{44,1,0},{80,4,10},{4,4,4}};
static const uint8_t scene4_bits[3880]={
  0x55,0x55,0x55,0x55,0x55,0x55,0x55,0x55,0x55,0x55,0x55,0x55,0x55,0x55,0x55,0x55,0x55,0x55,0x55,0x55,
  0x55,0x55,0x55,0x55,0x55,0x55,0x55,0x55,0x55,0x55,0x55,0x55,0x55,0x55,0x55,0x55,0x55,0x55,0x55,0x55,
  0x55,0x55,0x55,0x55,0x55,0x55,0x55,0x55,0x55,0x55,0x55,0x55,0x55,0x55,0x55,0x55,0x55,0x55,0x55,0x55,
  0x55,0x55,0x55,0x55,0x55,0x55,0x55,0x55,0x55,0x55,0x55,0x55,0x55,0x55,0x55,0x55,0x55,0x55,0x55,0x55,
  0x55,0x55,0x55,0x55,0x55,0x55,0x55,0x55,0x55,0x55,0x55,0x55,0x55,0x55,0x55,0x55,0x55,0x55,0x55,0x55,
  0x55,0x55,0x55,0x55,0x55,0x55,0x55,0x65,0x55,0x55,0x55,0x55,0x55,0x55,0x55,0x55,0x55,0x55,0x55,0x55,
  0x55,0x55,0x55,0x55,0x55,0x55,0x55,0x55,0x55,0x55,0x55,0x55,0x55,0x55,0x55,0x55,0x55,0x55,0x55,0x55,
  0x55,0x55,0x55,0x55,0x55,0x55,0x55,0xA5,0x55,0x55,0x55,0x55,0x55,0x55,0x55,0x55,0x55,0x55,0x55,0x55,
  0x55,0x55,0x55,0x55,0x55,0x55,0x55,0x59,0x55,0x55,0x55,0x55,0x55,0x55,0x55,0x55,0x55,0x55,0x55,0x55,
  0x55,0x55,0x55,0x55,0x55,0x55,0x55,0x89,0x55,0x55,0x55,0x55,0x54,0x3E,0x95,0x55,0x55,0x55,0x55,0x55,
  0x55,0x55,0x55,0x55,0x55,0x55,0x55,0x42,0x15,0x55,0x55,0x55,0x55,0x55,0x55,0x55,0x55,0x55,0x55,0x55,
  0x55,0x55,0x55,0x55,0x55,0x55,0x54,0xCB,0x55,0x55,0x55,0x55,0x5E,0xAB,0xE5,0x55,0x55,0x55,0x55,0x55,
  0x55,0x55,0x55,0x55,0x55,0x55,0x56,0x20,0x85,0x55,0x55,0x55,0x55,0x55,0x55,0x55,0x55,0x55,0x55,0x55,
  0x55,0x55,0x55,0x55,0x55,0x55,0x57,0xAA,0x55,0x55,0x55,0x55,0x3A,0xAA,0xFD,0x55,0x55,0x55,0x55,0x55,
  0x55,0x55,0x55,0x55,0x55,0x55,0x51,0x04,0x05,0x55,0x55,0x55,0x55,0x55,0x55,0x55,0x55,0x55,0x55,0x55,
  0x55,0x55,0x55,0x55,0x55,0x55,0x5E,0x8A,0x15,0x55,0x55,0x55,0xEA,0xAA,0xE9,0x55,0x55,0x55,0x55,0x55,
  0x55,0x55,0x55,0x55,0x55,0x55,0x52,0x54,0x51,0x55,0x55,0x55,0x55,0x55,0x55,0x55,0x55,0x55,0x55,0x55,
  0x55,0x55,0x55,0x55,0x55,0x55,0x5B,0xAA,0x85,0x55,0x55,0x54,0xEA,0x82,0xFE,0x55,0x55,0x55,0x55,0x55,
  0x55,0x55,0x55,0x55,0x55,0x55,0x51,0x01,0x01,0x55,0x55,0x55,0x55,0x55,0x55,0x55,0x55,0x55,0x55,0x55,
  0x55,0x55,0x55,0x55,0x55,0x55,0x7A,0xAA,0x95,0x55,0x55,0x56,0xEA,0xA8,0xBA,0x55,0x55,0x55,0x55,0x55,
  0x55,0x55,0x55,0x55,0x55,0x55,0x08,0x05,0x10,0x05,0x45,0x55,0x55,0x55,0x55,0x55,0x55,0x55,0x55,0x55,
  0x55,0x55,0x55,0x55,0x55,0x55,0x6B,0xA8,0x81,0x55,0x55,0x56,0x8F,0xAA,0x3F,0xD5,0x55,0x55,0x55,0x55,
  0x55,0x55,0x55,0x54,0x55,0x54,0x44,0x55,0x42,0x22,0x15,0x55,0x55,0x55,0x55,0x55,0x55,0x55,0x55,0x55,
  0x55,0x55,0x55,0x55,0x55,0x55,0xEC,0xAA,0xA1,0x55,0x55,0x56,0xF0,0xCA,0xBA,0x95,0x55,0x55,0x55,0x55,
  0x55,0x55,0x55,0x58,0x85,0x54,0x20,0x15,0x00,0x10,0x55,0x55,0x55,0x55,0x55,0x55,0x55,0x55,0x55,0x55,
  0x55,0x55,0x55,0x55,0x55,0x55,0x0A,0xAA,0x2D,0x55,0x55,0x57,0xBF,0x32,0xBF,0xE5,0x55,0x55,0x55,0x55,
  0x55,0x55,0x55,0x12,0x21,0x54,0x00,0x55,0x10,0x44,0x15,0x55,0x55,0x55,0x55,0x55,0x55,0x55,0x55,0x55,
  0x55,0x55,0x55,0x55,0x55,0x57,0x2E,0x8A,0xA8,0x55,0x55,0x5E,0xEC,0xA8,0xBA,0xA5,0x55,0x55,0x55,0x55,
  0x55,0x55,0x55,0x64,0x08,0x51,0x14,0x54,0x94,0x11,0x55,0x55,0x55,0x55,0x55,0x55,0x55,0x55,0x55,0x55,
  0x55,0x55,0x55,0x55,0x55,0x54,0xBA,0xAA,0xAA,0x55,0x55,0x53,0x2A,0xAA,0x2F,0xF5,0x55,0x55,0x55,0x55,
  0x55,0x55,0x50,0x00,0x02,0x10,0x80,0x54,0x01,0x44,0x55,0x55,0x55,0x55,0x55,0x55,0x55,0x55,0x55,0x55,
  0x55,0x55,0x55,0x55,0x55,0x52,0xFE,0xEE,0xAC,0x55,0x55,0x5F,0xAA,0xAA,0xA2,0xA9,0x55,0x55,0x55,0x55,
  0x55,0x55,0x44,0x91,0x14,0x14,0x11,0x50,0x50,0x15,0x55,0x55,0x55,0x55,0x55,0x55,0x55,0x55,0x55,0x55,
  0x55,0x55,0x55,0x55,0x55,0x5B,0xB0,0x03,0xB0,0xD5,0x55,0x43,0xAA,0xAA,0x83,0xF9,0x55,0x55,0x55,0x55,
  0x55,0x55,0x58,0xC5,0x00,0x90,0x05,0x58,0x15,0x05,0x55,0x55,0x55,0x55,0x55,0x55,0x55,0x55,0x55,0x55,
  0x55,0x55,0x55,0x55,0x55,0x5E,0xE2,0x02,0xC0,0x95,0x55,0x5C,0xAA,0xAA,0xA2,0xA9,0x55,0x55,0x55,0x55,
  0x55,0x55,0x44,0x11,0x50,0x12,0x41,0x41,0x01,0x45,0x55,0x55,0x55,0x55,0x55,0x55,0x55,0x55,0x55,0x55,
  0x55,0x55,0x55,0x55,0x55,0x7B,0xE8,0x8A,0xE8,0x85,0x55,0x60,0xEA,0x2A,0x2F,0xFD,0x55,0x55,0x55,0x55,
  0x55,0x55,0x51,0x15,0x51,0x42,0x15,0x40,0x50,0x55,0x55,0x55,0x55,0x55,0x55,0x55,0x55,0x55,0x55,0x55,
  0x55,0x55,0x55,0x55,0x55,0x6E,0xCA,0x08,0x82,0x35,0x55,0x7C,0x8A,0x82,0xBA,0xA8,0x55,0x55,0x55,0x55,
  0x55,0x55,0x44,0x55,0x54,0x20,0x05,0x25,0x05,0x55,0x55,0x55,0x55,0x55,0x55,0x55,0x55,0x55,0x55,0x55,
  0x55,0x55,0x55,0x55,0x55,0x3B,0xA0,0x22,0x28,0xA5,0x55,0x60,0xAE,0xA8,0xBF,0xFF,0x55,0x55,0x55,0x55,
  0x55,0x55,0x55,0x55,0x55,0x40,0x11,0x00,0x01,0x55,0x55,0x55,0x55,0x55,0x55,0x55,0x55,0x55,0x55,0x55,
  0x55,0x55,0x55,0x55,0x55,0xC3,0x28,0x82,0x20,0x0D,0x55,0xFC,0xFA,0x2A,0x32,0xA8,0x55,0x55,0x55,0x55,
  0x55,0x55,0x55,0x55,0x55,0x22,0x05,0x95,0x55,0x55,0x54,0x55,0x55,0x55,0x55,0x55,0x55,0x55,0x55,0x55,
  0x55,0x55,0x55,0x55,0x54,0x0F,0x08,0x22,0x82,0x89,0x55,0xA0,0x0A,0xA8,0x3F,0xFF,0x55,0x55,0x55,0x55,
  0x55,0x55,0x55,0x55,0x55,0x41,0x04,0x00,0x55,0x56,0x50,0x55,0x55,0x55,0x55,0x55,0x55,0x55,0x55,0x55,
  0x55,0x55,0x55,0x55,0x54,0xF3,0xA0,0x88,0x28,0x02,0x55,0xFC,0x0A,0xA0,0x32,0xAA,0x15,0x55,0x55,0x55,
  0x55,0x55,0x55,0x55,0x55,0x0C,0x16,0x15,0x55,0x60,0x21,0x55,0x55,0x55,0x55,0x55,0x55,0x55,0x55,0x55,
  0x55,0x55,0x55,0x55,0x53,0x2E,0x0A,0x8A,0x22,0x80,0x55,0xA0,0x28,0x02,0xFF,0xFF,0xD5,0x55,0x55,0x55,
  0x55,0x55,0x48,0x65,0x55,0x41,0x04,0x01,0x56,0x01,0x09,0x55,0x55,0x55,0x55,0x55,0x55,0x55,0x55,0x55,
  0x55,0x55,0x55,0x55,0x52,0xCE,0xA0,0x20,0x88,0xA2,0xD5,0xFF,0x00,0xC0,0xF2,0xAA,0x95,0x55,0x55,0x55,
  0x55,0x56,0x00,0x02,0x55,0x08,0x14,0x55,0x58,0x11,0x92,0x55,0x55,0x55,0x55,0x55,0x55,0x55,0x55,0x55,
  0x55,0x55,0x55,0x55,0x6C,0x0C,0x88,0x80,0x8A,0x00,0x95,0xA0,0xC8,0x23,0x3F,0xFF,0xD5,0x55,0x55,0x55,
  0x55,0x50,0x37,0x00,0x25,0x50,0x10,0x05,0x41,0x04,0x08,0x95,0x55,0x55,0x55,0x55,0x55,0x55,0x55,0x55,
  0x55,0x55,0x55,0x55,0x73,0x3A,0x22,0x88,0x20,0x8A,0x17,0xFF,0x3C,0xA0,0xF0,0xAA,0x95,0x55,0x55,0x55,
  0x55,0x40,0x11,0x1C,0x01,0x40,0x10,0x55,0x81,0x41,0x11,0x25,0x55,0x55,0x55,0x55,0x55,0x55,0x55,0x55,
  0x55,0x55,0x55,0x55,0x23,0xF2,0x82,0x00,0x82,0x20,0x06,0x80,0x30,0x8A,0x3F,0xFF,0x55,0x55,0x55,0x55,
  0x55,0x8C,0x00,0x10,0xC0,0x50,0x98,0x14,0x10,0x11,0x11,0x05,0x55,0x55,0x55,0x55,0x55,0x55,0x55,0x55,
  0x55,0x55,0x55,0x55,0x3E,0x3A,0x20,0xA2,0x28,0x8A,0xB7,0xFF,0xFA,0x0A,0x32,0xAA,0x55,0x55,0x55,0x55,
  0x55,0x11,0x11,0x45,0x14,0x1E,0xC1,0x58,0x05,0x45,0x44,0x49,0x55,0x55,0x55,0x55,0x55,0x55,0x55,0x55,
  0x55,0x55,0x55,0x55,0xC8,0xC0,0x8A,0x08,0x02,0x08,0x2E,0xA0,0xC2,0x88,0x0F,0xFE,0x55,0x55,0x55,0x55,
  0x55,0x11,0x05,0x10,0x50,0x0C,0xCE,0x00,0x10,0x55,0x54,0x40,0x55,0x55,0x55,0x55,0x55,0x55,0x55,0x55,
  0x55,0x55,0x55,0x54,0xB3,0xEA,0x08,0x28,0xA8,0xA0,0xA7,0xFF,0x30,0x2A,0xAC,0xAA,0x55,0x55,0x55,0x55,
  0x54,0x44,0x55,0x51,0x01,0x20,0xC3,0x80,0x15,0x50,0x15,0x48,0x55,0x55,0x55,0x55,0x55,0x55,0x55,0x55,
  0x55,0x55,0x55,0x54,0xF2,0xC0,0xA2,0x0A,0x22,0x08,0x0A,0xA0,0xC2,0x2A,0xAF,0xFE,0x55,0x55,0x55,0x55,
  0x50,0x11,0x55,0x55,0x15,0x40,0x30,0x01,0x56,0x22,0x22,0x55,0x55,0x55,0x05,0x55,0x55,0x55,0x55,0x55,
  0x55,0x55,0x55,0x53,0x0F,0x28,0x0A,0x28,0x82,0x82,0x2B,0xFF,0x02,0x2A,0xC3,0x0A,0x55,0x55,0x55,0x55,
  0x51,0x11,0x55,0x55,0x50,0x23,0x03,0x51,0x88,0x41,0x00,0x85,0x55,0x56,0x15,0x55,0x55,0x55,0x55,0x55,
  0x55,0x55,0x55,0x50,0xE8,0x08,0x80,0x82,0x20,0x0A,0x0B,0x8C,0xE0,0xAA,0xCB,0xFF,0x95,0x55,0x55,0x55,
  0x45,0x15,0x55,0x55,0x55,0x50,0x23,0x98,0x10,0x00,0x44,0x25,0x55,0x54,0x05,0x55,0x55,0x55,0x55,0x55,
  0x55,0x55,0x55,0x52,0x8F,0x82,0x22,0x2A,0x8A,0x88,0xA2,0xF0,0xC8,0xAA,0xE8,0xF2,0x95,0x55,0x55,0x55,
  0x54,0x55,0x55,0x55,0x40,0x16,0x00,0x00,0x15,0x44,0x51,0x41,0x55,0x52,0x15,0x55,0x55,0x55,0x55,0x55,
  0x55,0x55,0x55,0x70,0x33,0x22,0x28,0x88,0x00,0x02,0x80,0xF0,0xE0,0xAA,0x3A,0x3F,0xE5,0x55,0x55,0x55,
  0x55,0x55,0x55,0x54,0x01,0x40,0x00,0x05,0x40,0x51,0x14,0x44,0x55,0x58,0x05,0x55,0x55,0x55,0x55,0x55,
  0x55,0x55,0x55,0x03,0x2E,0x88,0xA2,0xAA,0x28,0xAA,0x2A,0xE3,0x02,0xA8,0x3A,0x8F,0xA5,0x55,0x55,0x55,
  0x55,0x55,0x55,0x41,0x01,0x10,0x0B,0x00,0x54,0x14,0x41,0x15,0x55,0x41,0x65,0x55,0x55,0x55,0x55,0x55,
  0x55,0x55,0x55,0xF8,0x20,0xA2,0x08,0x00,0x80,0x20,0x03,0xAF,0xA2,0xA2,0x0E,0xA3,0xE9,0x55,0x55,0x55,
  0x55,0x55,0x55,0xD0,0x14,0x07,0xC9,0x30,0x05,0x44,0x44,0x50,0x55,0x04,0x15,0x55,0x55,0x55,0x55,0x55,
  0x55,0x55,0x54,0x0E,0x8C,0x2A,0x0A,0xAA,0x8A,0xA8,0x8B,0xA0,0x02,0x8A,0x83,0xA8,0x39,0x55,0x55,0x55,
  0x55,0x55,0x50,0x01,0x10,0x1C,0x0D,0x04,0xC0,0x51,0x55,0x40,0x15,0x80,0x55,0x00,0x55,0x55,0x55,0x55,
  0x55,0x55,0x57,0x80,0xF2,0x82,0xA0,0x88,0x00,0x2A,0xAC,0xB0,0x08,0xAA,0xA3,0xEA,0x09,0x55,0x55,0x55,
  0x55,0x55,0x40,0x44,0x43,0x14,0x0D,0x44,0x40,0x25,0x55,0x46,0x15,0x04,0x54,0x25,0x55,0x55,0x55,0x55,
  0x55,0x55,0x50,0x33,0x32,0xA8,0x2A,0x0A,0xAA,0x82,0x2E,0xA8,0x2A,0xAB,0x30,0x3E,0xAE,0x55,0x55,0x55,
  0x55,0x55,0x01,0x05,0x40,0x47,0x01,0x45,0x13,0x09,0x55,0x54,0x05,0x01,0x49,0x01,0x55,0x55,0x55,0x55,
  0x55,0x55,0x53,0xC8,0xCA,0x82,0xA0,0xA2,0x08,0xAA,0xB8,0x0A,0xA2,0x30,0x0A,0x03,0xEA,0x55,0x55,0x55,
  0x55,0x55,0xC4,0x55,0x01,0x17,0x30,0x51,0x14,0x06,0x55,0x51,0x85,0x15,0x90,0x55,0x55,0x55,0x55,0x55,
  0x55,0x55,0x4C,0x0B,0xC2,0xA8,0xAA,0xAA,0xA8,0x20,0xFA,0xA2,0x33,0x02,0x88,0x3E,0x3F,0x95,0x55,0x55,
  0x55,0x54,0x00,0x55,0x01,0x14,0x00,0x51,0x41,0x31,0x15,0x54,0x05,0x04,0x01,0x55,0x55,0x55,0x55,0x55,
  0x55,0x55,0x4B,0xAC,0xE2,0x2A,0xA8,0x00,0x2A,0x0A,0xEA,0x03,0xC0,0x2A,0x22,0x22,0xA3,0x95,0x55,0x55,
  0x55,0x50,0x11,0x54,0x04,0x57,0xF0,0x55,0x14,0x11,0x95,0x55,0x11,0x18,0x15,0x55,0x55,0x55,0x55,0x55,
  0x55,0x55,0x7C,0xC3,0xE8,0x02,0x0A,0xAA,0x82,0xA0,0xE3,0xC8,0x2F,0x2A,0x80,0x0C,0xE8,0xC5,0x55,0x55,
  0x55,0x50,0x05,0x50,0x10,0x57,0xF0,0x15,0x51,0x11,0x25,0x55,0x41,0x10,0x15,0x55,0x55,0x55,0x55,0x55,
  0x55,0x55,0xC8,0x33,0xAA,0xA8,0xA0,0x0A,0x00,0x8A,0xF0,0xBA,0x32,0xA0,0x28,0x02,0xBC,0x3E,0x55,0x55,
  0x55,0x40,0x05,0x50,0x04,0x57,0x00,0x95,0x55,0x01,0x09,0x55,0x40,0x41,0x55,0x55,0x55,0x55,0x65,0x55,
  0x55,0x55,0x23,0x23,0x8A,0xAA,0x2A,0x8A,0x2A,0xA2,0xEA,0xAA,0x3A,0x0A,0xAA,0xBB,0x0B,0xEB,0xD5,0x55,
  0x55,0x4C,0x55,0x40,0x45,0x50,0x37,0x15,0x55,0x50,0x10,0x55,0x50,0x00,0x55,0x55,0x55,0x55,0xE9,0x55,
  0x55,0x57,0x8A,0x0F,0x20,0x80,0x88,0x02,0x82,0x00,0xFA,0xA2,0x32,0xA8,0xBB,0x3B,0x3A,0xEC,0x3D,0x55,
  0x55,0x41,0x15,0x40,0x11,0x57,0xF0,0x15,0x55,0x51,0x05,0x50,0x10,0x81,0x88,0x00,0x55,0x55,0x89,0x55,
  0x55,0x54,0x2B,0xFE,0xAA,0xAA,0xAA,0xAA,0xAA,0xAB,0x8A,0xEA,0x3A,0xEC,0x20,0x0B,0xAF,0x0E,0x0B,0xD5,
  0x55,0x51,0x55,0x40,0x45,0x5F,0x00,0x25,0x55,0x55,0x55,0x44,0x4C,0x04,0x00,0x08,0x15,0x57,0xEA,0x55,
  0x55,0x5F,0xFC,0x0E,0x22,0x0A,0x00,0x08,0x82,0x03,0xAA,0x2F,0xAE,0x0A,0x2A,0xA0,0x2A,0xFA,0x3A,0xBD,
  0x55,0x44,0x55,0x0D,0x05,0x5F,0xF0,0xC5,0x55,0x55,0x54,0x11,0x00,0x80,0x45,0x11,0x55,0x56,0x26,0x55,
  0x55,0x7C,0x02,0x3E,0xAA,0xAA,0xAA,0xAA,0xAA,0xAB,0xBC,0xF0,0xE8,0xAA,0xA2,0x80,0xEA,0x3B,0x0E,0xEB,
  0x55,0x55,0x55,0x00,0x55,0x5F,0xB0,0x59,0x55,0x55,0x51,0x05,0x74,0x30,0x11,0x44,0x55,0x5C,0xAA,0x95,
  0x55,0x72,0x38,0xAE,0x22,0x02,0x02,0x88,0x80,0x03,0xE8,0x20,0xEA,0x88,0x88,0x28,0xFA,0x8B,0x0E,0xEE,
  0x55,0x55,0x55,0x05,0x15,0x5F,0xF5,0x09,0x55,0x55,0x54,0x55,0x0C,0xC1,0x55,0x55,0x55,0x58,0x99,0x95,
  0x55,0x7C,0xAA,0xBA,0xAA,0xAA,0xAA,0xAA,0xAA,0xAB,0xA2,0x28,0xE0,0x8A,0xAA,0xBB,0xEF,0xCE,0xC2,0xBA,
  0x55,0x55,0x55,0x00,0x55,0x4F,0xC0,0x42,0x55,0x55,0x51,0x14,0x07,0xD1,0x55,0x55,0x55,0x73,0xAA,0xA5,
  0x55,0xC2,0x8B,0xF0,0x88,0x20,0x00,0x00,0x08,0x03,0xAA,0x08,0xEA,0xAB,0xBB,0xBE,0xCA,0xFE,0x8C,0x3B,
  0x55,0x55,0x54,0x04,0x15,0x4F,0xF5,0x0C,0x95,0x55,0x54,0x54,0x03,0x00,0x55,0x55,0x55,0x62,0x69,0xA9,
  0x55,0xCF,0x20,0xCA,0xAA,0xAA,0xAA,0xAA,0xAA,0xAB,0xAB,0xAC,0xBE,0xEE,0xFF,0xFB,0xCE,0xAF,0xC0,0x02,
  0x55,0x55,0x54,0x11,0x55,0x4C,0xF5,0x04,0x25,0x55,0x55,0x51,0xC4,0xD0,0x15,0x55,0x55,0xEE,0x9A,0xA9,
  0x57,0xA8,0x0A,0xC0,0x22,0x00,0x00,0x00,0x20,0x8E,0xFA,0xF3,0xFC,0x3F,0x03,0xB2,0x3A,0xF8,0x80,0x30,
  0x55,0x55,0x50,0xC0,0x55,0x7F,0xF4,0x40,0x09,0x55,0x55,0x54,0x14,0xC1,0x25,0x57,0x55,0xB9,0xAA,0x68,
  0x5F,0x3E,0xF3,0xEA,0x8A,0xAA,0xAA,0xAA,0xAA,0xAF,0xB3,0x3B,0x82,0x0A,0x8A,0x20,0x0A,0xAC,0xF8,0xA0,
  0x55,0x55,0x54,0x11,0x55,0x7C,0xC5,0x50,0x40,0x91,0x55,0x43,0x17,0xD1,0x05,0x56,0x57,0xBA,0xA2,0xAA,
  0x5C,0x03,0x8B,0x22,0xA8,0x00,0x0A,0x0A,0x0A,0x0C,0x28,0xA3,0x88,0x2F,0x0C,0x00,0xCA,0xAA,0xE0,0xAA,
  0x65,0x5A,0x50,0x04,0x65,0x3C,0xF5,0x55,0xC1,0x25,0x59,0x44,0x07,0xF4,0x01,0x5E,0x96,0xCA,0xA8,0xAB,
  0xBD,0x03,0x0C,0x83,0xFF,0xFF,0xF3,0x70,0x37,0xAE,0x0A,0x03,0x00,0x02,0x00,0x3C,0x02,0xAA,0x2F,0xEA,
  0xAA,0xAA,0xA0,0x52,0xAA,0x3C,0xFA,0xA4,0x87,0x0A,0xAA,0x44,0x6B,0xF5,0x20,0xBE,0xAE,0xF9,0x1A,0xAA,
  0xB3,0xFF,0xFF,0xFC,0xF0,0xC0,0x00,0x03,0xFC,0xFF,0x00,0x83,0x30,0xE0,0xA8,0x32,0x32,0xA2,0x20,0x3C,
  0xAA,0xAA,0xA3,0x46,0xAA,0xF3,0xC6,0xAA,0x66,0x4E,0xAA,0x40,0x2B,0x38,0x90,0x6A,0x9E,0xEA,0x8A,0x2E,
  0xCF,0xB2,0xE2,0xFB,0xE3,0x0A,0xAA,0xA3,0x2A,0xAA,0xAA,0xAB,0xBF,0x33,0x00,0x80,0x32,0xAA,0xB0,0x83,
  0xA9,0xAA,0xA1,0x22,0xAA,0xF3,0xCA,0xAA,0x42,0x12,0xAA,0x50,0xAB,0xF6,0x81,0x2A,0xBC,0xEE,0xCB,0xEA,
  0xCE,0xFB,0xAB,0xEF,0xA3,0x2A,0xAA,0xAA,0x00,0x00,0x00,0x00,0x2A,0xAA,0xAB,0xC0,0x02,0xAA,0x88,0x28,
  0xAA,0x96,0xA0,0xA6,0xAA,0xFF,0xE6,0xAA,0xA9,0x2A,0xAA,0x80,0x2B,0x36,0xA0,0x26,0xA3,0xBE,0x3E,0xFC,
  0xFE,0xCC,0xA3,0x0C,0x8C,0x88,0xAA,0xAA,0xAA,0xAA,0xAA,0xAA,0xAA,0xAA,0xAA,0xAA,0xAB,0xEA,0x8C,0x02,
  0xA6,0xA6,0x69,0x16,0xAA,0xF3,0xEA,0xAE,0xAA,0x6A,0xAA,0x90,0xA7,0x3A,0xA5,0x06,0xAA,0xAA,0xAA,0xAA,
  0xFE,0xEC,0xA3,0x8E,0x8E,0xAA,0xAA,0xAA,0xAA,0xA8,0x2A,0xAA,0x28,0xAA,0xAA,0xAA,0xAA,0xE8,0xAE,0xCF,
  0xAA,0xAE,0xAA,0x7E,0xA8,0xFF,0x2A,0xB9,0xAA,0xBE,0xAE,0xBE,0x2B,0x3A,0xA8,0x8A,0xAA,0xAA,0xAA,0xAA,
  0x8E,0xEE,0xAC,0xB2,0x0E,0x22,0xA0,0xAA,0x2A,0xAA,0x82,0xAA,0xAA,0xAA,0xAA,0xAA,0xAA,0xAA,0xA3,0xA3,
  0xA8,0xAA,0xAA,0xAA,0xAB,0xF3,0xEA,0xAB,0xAA,0xAA,0xAB,0xA2,0xAB,0x3A,0xAA,0x0A,0xAA,0xAA,0xAA,0xAA,
  0x8E,0xEE,0xAC,0x32,0x32,0xAA,0xAA,0xAA,0xAA,0xAA,0xAA,0xAA,0x28,0xAA,0xAA,0xAA,0xAA,0xAA,0xAB,0xAA,
  0x80,0x2A,0xAA,0xAA,0xAB,0xF3,0x2A,0xAA,0xAA,0xAA,0xAA,0xAA,0xA8,0xFA,0xAA,0xAA,0xAA,0xAA,0xAA,0xAA,
  0x8F,0xCE,0xAE,0x3A,0x3A,0xAA,0xAA,0xAA,0x8A,0xAA,0xA0,0xAA,0x28,0xAA,0xAA,0x80,0x20,0xBB,0x88,0xCC,
  0xA0,0x2A,0xAA,0xA2,0xAB,0xCF,0x2A,0xAA,0xAA,0xAA,0xAA,0xAA,0xA8,0xF2,0xAA,0xAA,0x9A,0xAA,0xAA,0xAA,
  0xA0,0xFF,0xFE,0x38,0x32,0x20,0xA2,0xAA,0xAA,0xAA,0xAA,0xAA,0x28,0xAA,0xAA,0xAA,0xAA,0xAA,0xAA,0xC0,
  0xBE,0xAE,0xFA,0xA2,0x23,0x33,0xAA,0xAA,0xAA,0xAA,0xAA,0xAA,0x28,0xF2,0xAA,0xAA,0xAA,0xAA,0xAA,0xAA,
  0xA8,0x0F,0x2E,0x3A,0x3A,0xAA,0xAA,0xAA,0x8A,0xAA,0xA0,0xAA,0xAA,0xAA,0xAA,0xAA,0xAA,0xAE,0xAA,0x2F,
  0xBE,0x3A,0xFB,0xAA,0xAF,0xFC,0xAA,0xAA,0xAA,0xAA,0xAA,0xAA,0xAA,0xF2,0xAA,0xAB,0xAA,0xAA,0xAA,0xAA,
  0xAC,0xEE,0xCE,0x38,0x3A,0xA8,0xA2,0xAA,0xAA,0xAA,0xAA,0xAA,0xAA,0xAA,0xAA,0xAA,0xAA,0xAA,0xAA,0x3A,
  0xBF,0xBB,0x8A,0xAA,0xA3,0x0C,0xA2,0xAA,0xAA,0xAA,0xAA,0xE8,0xAA,0xCE,0xAA,0xAA,0xAA,0xAA,0xAA,0xAA,
  0x2A,0xAA,0x0C,0x38,0x3A,0x22,0xAA,0xAA,0x8A,0xAA,0xAA,0xAA,0xAA,0xAA,0xAA,0xBF,0xAB,0xFE,0xFB,0xFA,
  0xFE,0xFA,0xFE,0xEA,0x8F,0xFC,0xAA,0x88,0xBA,0xAA,0xAE,0xAA,0xAA,0xFE,0xAA,0xAA,0x9A,0xAA,0xAA,0xAA,
  0xAA,0xAA,0x03,0xF8,0x3A,0xAB,0xAB,0xAA,0xAB,0xEA,0xA0,0x82,0x2F,0xFF,0xFF,0xFF,0xFF,0xFE,0x22,0x2A,
  0x55,0x5F,0xEE,0xAA,0xBF,0x32,0xAA,0xAA,0x82,0xAA,0xEE,0x8A,0x8A,0xFE,0xAA,0xAA,0xBA,0xAA,0xAA,0xAB,
  0xAA,0xAA,0x80,0x3F,0x3A,0xAA,0xFE,0xFE,0xCC,0xFF,0xFF,0xFF,0xF0,0x28,0x2A,0xA8,0x28,0x2A,0xAA,0xAA,
  0x55,0x5E,0xEE,0xAA,0x8C,0x32,0xAA,0xAA,0xAB,0xAA,0xAA,0xAA,0xA2,0xFE,0xAA,0xAA,0xAA,0xAA,0xAA,0xAA,
  0xAA,0xAA,0xAA,0x00,0x3F,0xFF,0xF3,0x00,0x28,0xAA,0xAA,0xAA,0xAA,0xAA,0xAA,0xAA,0xAA,0xBA,0xAA,0xAA,
  0xAA,0xEA,0xFE,0xAA,0x0F,0xF2,0xAA,0xAA,0xAE,0xAA,0xAA,0xAA,0xAA,0xCE,0xAA,0xAA,0xAA,0xAA,0xAA,0xAE,
  0xAA,0xAA,0xAA,0xA0,0x0F,0xF0,0x0A,0xAA,0xAA,0xAA,0xAA,0xAA,0xAA,0xAA,0x8C,0xAA,0xAA,0x3A,0xAA,0xAB,
  0xAF,0x8F,0xAA,0xAA,0xFF,0x3E,0xAA,0xAA,0xEA,0xAA,0xAA,0xAA,0xAA,0xFC,0xAA,0xAA,0xAA,0xAA,0xAA,0xBA,
  0xAA,0xAA,0xAA,0xAA,0x8A,0x2A,0xAA,0xAA,0xAA,0xAA,0xEA,0xAA,0xAA,0xA2,0xBB,0xAA,0xAA,0xAA,0xAA,0xAB,
  0xBF,0xBE,0xAA,0xAA,0xFC,0xF2,0xAA,0xAA,0x8A,0xAA,0xAA,0xAA,0xAA,0x3C,0xAA,0xAA,0xAA,0xAA,0xAA,0xAA,
  0xAA,0xAA,0xAA,0xAA,0xA2,0xAE,0xAA,0xAA,0xAA,0xAA,0xAA,0xAA,0xAA,0xA8,0x0F,0xEA,0xAA,0xAA,0xAA,0xAA,
  0xEF,0xAA,0xAA,0xA8,0x3F,0xCA,0xAA,0xC8,0xAA,0xAA,0xAA,0xAA,0xAA,0x3F,0xAA,0xAA,0xAA,0xAA,0xAA,0x3A,
  0xAA,0xAA,0xAA,0xAA,0xAA,0xAA,0xAA,0xAA,0xAA,0xAA,0xAA,0xAA,0xAA,0xAA,0x3C,0xAA,0xAA,0xAA,0xAA,0xAA,
  0xAA,0xAA,0xAA,0xAB,0xF3,0xFA,0xA8,0xAE,0xAA,0xAA,0xAA,0xAA,0xAA,0xBF,0xAA,0xAA,0xAA,0xAA,0xAE,0xAA,
  0xAA,0xAA,0xAA,0xAA,0xA3,0xAA,0xAA,0xAA,0xAA,0xAA,0xAA,0xAA,0xAA,0xAA,0xAA,0xAA,0xAA,0xAA,0xAA,0xAA,
  0xAA,0xAA,0xAA,0xA3,0xFF,0xCA,0x0A,0xEA,0xAA,0xAA,0xAA,0xAA,0xAA,0xBF,0xAA,0xAA,0xAA,0x8B,0xE8,0xAA,
  0xAA,0xAA,0xAA,0xAA,0xA2,0xAA,0xAA,0xAA,0xAA,0xAA,0xAA,0xAA,0xAA,0xAA,0xAE,0xAA,0xAA,0xAA,0xAA,0xAA,
  0xAA,0xAA,0xAA,0xAF,0xFF,0xEA,0xAE,0xAA,0xAA,0xAA,0xAA,0xAA,0xAA,0x8F,0xEA,0xAA,0x2F,0xAA,0x8A,0xAA,
  0xAA,0xAA,0xAA,0xA8,0xAA,0xAA,0xAA,0xBA,0xAA,0xAA,0xAA,0xAA,0xAA,0xAA,0xBB,0xAA,0xAA,0xAA,0xAA,0xAA,
  0xAA,0xAA,0xAA,0x83,0xCF,0x20,0x2A,0xAA,0xAA,0xAA,0xAA,0xAA,0xAA,0x8F,0xEA,0xAA,0xA8,0xEA,0xAE,0xAA,
  0xAA,0xAA,0xAA,0xAA,0xA2,0xAA,0xAA,0xAA,0xAA,0xAA,0xAA,0xAA,0xAA,0xA8,0x0F,0xAA,0xAA,0xAA,0xAA,0xAA,
  0xAA,0xAA,0xAA,0xBF,0xFF,0x2A,0xAA,0xAA,0xAA,0xAA,0xAA,0xAA,0xAA,0xAC,0xCB,0xCA,0xAA,0x8A,0xAA,0xAA,
  0xAA,0xAA,0xAA,0xAA,0xAA,0xAA,0x8A,0xAA,0xAA,0xAA,0xAA,0xAA,0xAA,0xAA,0x3B,0xAA,0xAA,0xAA,0xAA,0xAB,
  0xAA,0xAA,0xAA,0x3F,0x3F,0xAA,0xAE,0xE6,0xDF,0xDE,0x6A,0xAA,0xAA,0xA3,0xFA,0xAF,0xAA,0xAB,0xAA,0xAA,
  0xAA,0xAA,0xAA,0xAA,0xA2,0xAA,0xAA,0xAA,0xAA,0xBA,0xAA,0xAA,0xAA,0xAA,0x0F,0xEA,0xAA,0xAA,0xAA,0xAA,
  0x7A,0xAA,0xA8,0xFF,0xFC,0xAA,0xE5,0x55,0x55,0x15,0x51,0x5E,0xAA,0xA3,0x32,0xAA,0x2A,0xAA,0xAA,0xAA,
  0xAA,0xAA,0xAA,0xAA,0xAA,0xAA,0xAA,0xAA,0xAA,0xBA,0xAA,0xAA,0xA2,0xAA,0xBF,0xAA,0xAA,0xAA,0xAA,0xAA,
  0x55,0xE7,0x57,0x33,0xF2,0x55,0x51,0x55,0x55,0x41,0x55,0x01,0x7A,0xAB,0xF0,0xAA,0xAE,0xAA,0xAA,0xAA,
  0xAA,0xAA,0xAA,0xAA,0xA2,0xAA,0xAA,0xAA,0xBA,0xAA,0xAA,0xAA,0xAA,0xAA,0xAA,0xAA,0xAA,0xAA,0xAA,0xAA,
  0x55,0x55,0x4F,0xCF,0xF1,0x55,0x55,0x55,0x55,0x55,0x55,0x55,0x55,0xEB,0xFE,0xEA,0xAA,0xAA,0xAA,0xAA,
  0xAA,0xAA,0xAA,0xAA,0xAA,0xAA,0xAA,0xAA,0xAA,0xAA,0xAA,0xAA,0xAA,0xAA,0xAA,0xAA,0xAA,0xAA,0xAA,0xAA,
  0x55,0x55,0x3F,0x3F,0xF5,0x55,0x55,0x54,0x04,0x15,0x55,0x14,0x15,0x55,0xF3,0xBA,0xAA,0xAA,0xAA,0xAA,
  0xAA,0xAA,0xAA,0xAA,0xA2,0x0A,0xAA,0xAA,0xAA,0xAA,0xAA,0x3A,0xAA,0xAA,0xAA,0xAA,0xAA,0xAA,0xBA,0xAA,
  0x55,0x54,0xFC,0xFF,0xD5,0x55,0x51,0x55,0x55,0x55,0x55,0x55,0x44,0x44,0x7A,0xAE,0xAA,0xAA,0xAA,0xAA,
  0xAA,0xAA,0xAA,0xAA,0xAA,0xAA,0xAA,0xAA,0xAA,0xAA,0xAA,0xBA,0xAA,0xAA,0xAA,0xAA,0xAA,0xAA,0x2E,0xAA,
  0xAA,0xBB,0xFF,0xFF,0x11,0x51,0x10,0x05,0x14,0x05,0x15,0x50,0x10,0x11,0xEF,0xAB,0xAA,0xAA,0xAA,0xAA,
  0xAA,0xAA,0xAA,0xAA,0x8A,0xAA,0xAA,0xAA,0xAA,0xAA,0xAA,0xAA,0xAA,0xAA,0xAA,0xAA,0xAA,0xAA,0x30,0xAA,
  0x9B,0xAB,0x3F,0xFC,0x94,0x04,0x44,0x55,0x55,0x55,0x55,0x55,0x55,0x56,0xAA,0xAA,0xAA,0xAA,0xAA,0xAA,
  0xAA,0xAA,0xAA,0xAA,0xAA,0xAA,0xAA,0xAA,0xAA,0xAA,0xAA,0xAA,0xAA,0xAA,0xAA,0xAA,0xAA,0x28,0xFC,0xAA,
  0xFA,0xBA,0xBF,0xFF,0x65,0x11,0x11,0x55,0x55,0x55,0x54,0x15,0x5E,0xAB,0xAA,0xAA,0xAA,0xAA,0xAA,0xAA,
  0xAA,0xAA,0xAA,0xA8,0xAA,0xAA,0xAA,0xAA,0xAA,0xAA,0xAA,0xAA,0xAA,0xAA,0xAA,0xAA,0xAA,0x00,0xFB,0xAA,
  0xAA,0xEB,0xAE,0xEE,0xC9,0x55,0xE5,0x08,0x38,0x2B,0x55,0x5A,0xAB,0xAA,0xEA,0xAA,0xAA,0xAA,0xAA,0xAA,
  0xAA,0xAA,0xAA,0xAA,0xAA,0xAA,0xAA,0xAA,0xAA,0xAA,0xAA,0xAA,0xAA,0xA2,0xEA,0xAA,0xAA,0x83,0x0B,0xAA,
  0xBE,0xAE,0xBA,0xC8,0x2C,0x00,0x03,0x82,0xAE,0xB8,0xAA,0xAE,0xAA,0xFA,0xAA,0xAA,0xAA,0x2A,0xAA,0xAA,
  0xAA,0xAA,0xA0,0xAA,0xAA,0xAA,0xAA,0xAA,0xAA,0xAA,0xAA,0xAA,0xAA,0xAB,0x2A,0xAA,0xAA,0x80,0xFE,0xEA,
  0xAA,0xEA,0xAA,0xAB,0x82,0xB8,0x88,0xEA,0xAE,0xBA,0x2A,0xEB,0xA2,0xAA,0xAA,0xAA,0xAA,0x2A,0xAA,0xAA,
  0x80,0xAA,0xAA,0xAA,0xAA,0xAA,0xAA,0xAA,0xAA,0xAA,0xAA,0xAA,0xAA,0xA0,0xEA,0xAA,0xAA,0xA8,0xCB,0xAA,
  0xAA,0xAA,0xAA,0xAA,0xAA,0xAA,0xAA,0xAA,0xAA,0xAA,0xAA,0xAA,0xAA,0xAA,0xAA,0xAA,0xAA,0xAA,0xAA,0xAA,
  0xAA,0xAA,0xAA,0xAA,0xAA,0xAA,0xAA,0xAA,0xAA,0xAA,0xAA,0xAA,0xAA,0xAA,0xAA,0xAA,0xAA,0xAA,0xAA,0xAA,
};
static const uint8_t scene4_fixed[97][3]={
  {0,1,1},{0,1,1},{0,2,1},{0,2,1},{0,2,3},{0,2,3},{0,2,3},{0,2,3},{0,2,3},{0,2,3},{0,2,3},{0,2,3},{0,2,3},{0,2,3},{0,2,3},{0,2,3},{0,2,3},{0,2,3},{0,2,3},{0,2,3},{0,2,3},{0,2,3},{0,2,3},{0,2,3},{0,2,3},{0,2,3},{0,2,3},{0,2,3},{0,2,3},{0,2,3},{0,2,3},{0,2,3},{0,2,3},{0,2,3},{0,2,3},{0,2,3},{0,2,3},{0,2,3},{0,2,3},{0,2,3},{0,2,3},{0,2,3},{0,2,3},{0,2,3},{0,2,3},{0,2,3},{0,2,3},{0,2,3},{0,2,3},{0,2,3},{0,2,3},{0,2,3},{0,2,3},{0,2,3},{0,2,3},{0,2,3},{0,2,3},{0,2,3},{0,2,3},{0,2,3},{0,2,3},{0,2,3},{0,2,3},{0,2,3},{0,2,3},{0,2,3},{1,2,3},{1,2,3},{4,2,3},{1,2,3},{1,2,3},{1,2,3},{4,2,3},{4,2,3},{4,2,3},{1,2,3},{1,2,3},{1,2,3},{1,2,3},{1,2,3},{1,2,3},{1,2,3},{1,2,3},{1,2,3},{4,2,3},{4,2,3},{4,2,3},{4,2,3},{4,2,3},{4,2,3},{4,2,3},{4,2,3},{4,2,3},{4,2,3},{1,2,3},{1,2,3},{1,2,1}};
static const SceneRun scene4_runs[182]={{109,5},{29,6},{107,5},{28,6},{128,5},{26,6},{109,5},{26,6},{113,5},{26,6},{135,5},{24,6},{111,5},{15,6},{107,5},{15,6},{104,5},{12,6},{104,5},{15,6},{103,5},{10,6},{102,5},{9,6},{106,5},{11,6},{106,5},{9,6},{107,5},{10,6},{105,5},{9,6},{100,5},{21,6},{101,5},{20,6},{99,5},{21,6},{99,5},{20,6},{98,5},{9,6},{98,5},{8,6},{99,5},{6,6},{98,5},{5,6},{96,5},{5,6},{96,5},{4,6},{97,5},{4,6},{95,5},{3,6},{95,5},{2,6},{94,5},{2,6},{94,5},{1,6},{94,5},{3,6},{94,5},{15,6},{92,5},{13,6},{95,5},{14,6},{91,5},{10,6},{93,5},{9,6},{90,5},{8,6},{90,5},{9,6},{89,5},{7,6},{89,5},{6,6},{91,5},{6,6},{89,5},{5,6},{88,5},{5,6},{89,5},{5,6},{87,5},{6,6},{91,5},{5,6},{87,5},{12,6},{86,5},{12,6},{87,5},{12,6},{85,5},{11,6},{85,5},{11,6},{87,5},{10,6},{84,5},{11,6},{83,5},{10,6},{84,5},{10,6},{82,5},{10,6},{81,5},{10,6},{81,5},{10,6},{85,5},{12,6},{87,5},{19,6},{81,5},{3,6},{81,5},{1,6},{81,5},{2,6},{82,5},{14,6},{83,5},{4,6},{83,5},{9,6},{80,5},{17,6},{88,5},{20,6},{89,5},{17,6},{92,5},{16,6},{94,5},{5,6},{97,5},{19,6},{98,5},{15,6},{136,5},{18,6},{98,5},{14,6},{98,5},{53,6},{95,5},{13,6},{98,5},{20,6},{105,5},{12,6},{98,5},{11,6},{130,5},{12,6},{98,5},{9,6},{8,6},{98,5},{7,6},{152,5},{16,6},{97,5},{8,6},{148,5},{20,6},{95,5},{17,6},{134,5},{13,6},{90,5},{17,6},{81,5}};
static const uint16_t scene4_run_ofs[98]={0,0,0,0,0,1,3,5,7,9,11,13,15,17,19,21,23,25,27,29,31,33,35,37,39,41,43,45,47,49,51,53,55,57,59,61,63,65,67,69,71,73,75,77,79,81,83,85,87,89,91,93,95,97,99,101,103,105,107,109,111,113,115,117,119,121,123,125,127,129,131,133,135,137,139,141,143,145,147,149,151,153,155,157,159,161,163,165,166,168,170,172,174,176,178,180,182,182};
static const SceneCol scene4_pal[7]={{117,131,221},{0,0,0},{211,164,104},{119,72,11},{59,73,164},{176,130,70},{64,137,36}};
static const uint8_t scene5_bits[3880]={
  0x55,0x55,0x55,0x55,0x55,0x55,0x55,0x55,0x55,0x55,0x55,0x55,0x55,0x55,0x55,0x55,0x55,0x55,0x55,0x55,
  0x55,0x55,0x55,0x55,0x55,0x55,0x55,0x55,0x55,0x55,0x55,0x55,0x55,0x55,0x55,0x55,0x55,0x55,0x55,0x55,
  0x55,0x55,0x55,0x55,0x55,0x55,0x55,0x55,0x55,0x55,0x55,0x55,0x55,0x55,0x55,0x6A,0x95,0x55,0x55,0x55,
  0x55,0x55,0x55,0x55,0x55,0x55,0x55,0x55,0x55,0x55,0x55,0x55,0x55,0x55,0x55,0x55,0x55,0x55,0x55,0x55,
  0x55,0x55,0x55,0x55,0x55,0x55,0x55,0x55,0x55,0x55,0x55,0x55,0x55,0x55,0x56,0xA9,0x95,0x55,0x55,0x55,
  0x55,0x55,0x55,0x55,0x55,0x55,0x55,0x55,0x55,0x55,0x55,0x55,0x55,0x55,0x55,0x55,0x55,0x55,0x55,0x55,
  0x55,0x55,0x55,0x55,0x55,0x55,0x55,0x55,0x55,0x55,0x55,0x55,0x55,0x55,0xAA,0xAB,0x95,0x55,0x55,0x55,
  0x55,0x55,0x55,0x55,0x55,0x55,0x55,0x55,0x55,0x55,0x55,0x55,0x55,0x55,0x55,0x55,0x55,0x55,0x55,0x55,
  0x55,0x55,0x55,0x55,0x55,0x55,0x55,0x55,0x55,0x55,0x55,0x55,0x55,0x56,0xBA,0xBC,0x95,0x55,0x55,0x55,
  0x55,0x55,0x55,0x55,0x55,0x55,0x55,0x55,0x55,0x55,0x55,0x55,0x55,0x55,0x55,0x55,0x01,0x05,0x55,0x55,
  0x55,0x55,0x54,0x05,0x55,0x55,0x55,0x55,0x55,0x55,0x55,0x55,0x55,0x56,0xBB,0xCE,0x95,0x55,0x55,0x55,
  0x55,0x55,0x55,0x55,0x55,0x55,0x55,0x55,0x55,0x55,0x55,0x55,0x55,0x55,0x55,0x54,0x04,0x01,0x55,0x55,
  0x55,0x55,0x50,0x41,0x55,0x55,0x55,0x55,0x55,0x55,0x55,0xF5,0x55,0xBE,0xBC,0x02,0x55,0x55,0x55,0x55,
  0x55,0x55,0x55,0x55,0x55,0x55,0x55,0x55,0x55,0x55,0x55,0x55,0x55,0x55,0x55,0x54,0x10,0x41,0x55,0x55,
  0x50,0x05,0x41,0x10,0x55,0x55,0x55,0x55,0x55,0x55,0x5F,0xD5,0x57,0xAB,0xC0,0x2A,0x55,0x55,0x55,0x55,
  0x55,0x55,0x55,0x55,0x55,0x55,0x55,0x55,0x55,0x55,0xD5,0x55,0x55,0x55,0x55,0x54,0x00,0x01,0x55,0x55,
  0x41,0x51,0x00,0x01,0x05,0x55,0x55,0x55,0x55,0x55,0xFC,0xD5,0x5E,0xBC,0x02,0xAA,0x55,0x55,0x55,0x55,
  0x55,0x55,0x55,0x55,0x55,0x55,0x55,0x55,0x55,0x55,0x3D,0x55,0x55,0x55,0x55,0x55,0x00,0x05,0x55,0x55,
  0x44,0x05,0x01,0x10,0x41,0x55,0x55,0x55,0x55,0x5F,0x00,0x3F,0xAB,0xC0,0x28,0xA9,0x55,0x55,0x55,0x55,
  0x55,0x55,0x55,0x55,0x55,0x55,0x55,0x55,0x55,0x55,0xC3,0xD5,0x55,0x55,0x55,0x55,0x55,0x55,0x55,0x55,
  0x00,0x00,0x44,0x44,0x11,0x55,0x55,0x55,0x55,0xF0,0x28,0xAA,0xBC,0x02,0xAA,0xA5,0x55,0x55,0x55,0x55,
  0x55,0x55,0x55,0x55,0x5F,0x55,0x55,0x55,0x55,0x55,0x28,0x3D,0x55,0x55,0x55,0x55,0x55,0x55,0x55,0x55,
  0x01,0x54,0x10,0x10,0x10,0x55,0x55,0x55,0x5F,0x02,0xAA,0x23,0xC0,0x22,0xA8,0xA9,0x55,0x55,0x55,0x55,
  0x55,0x55,0x55,0x55,0x50,0xF5,0x55,0x55,0x55,0x55,0x0A,0xEB,0xD5,0x55,0x55,0x55,0x55,0x55,0x55,0x55,
  0x04,0x01,0x04,0x11,0x04,0x55,0x55,0x55,0xF0,0xEA,0xAA,0xBC,0x02,0xA2,0x22,0xAA,0x95,0x55,0x54,0x55,
  0x55,0xB5,0x55,0x55,0x70,0x0F,0x55,0x55,0x55,0x55,0xCA,0xCA,0x3E,0x55,0x55,0x55,0x55,0x55,0x55,0x55,
  0x10,0x50,0x01,0x10,0x04,0x55,0x55,0x5F,0x0A,0xEA,0xAB,0xC0,0x2A,0xAA,0x8A,0x88,0xA1,0x55,0x5A,0x95,
  0xAA,0x6D,0x55,0x57,0xC0,0x00,0xF5,0x55,0x55,0x55,0x5B,0xA0,0x83,0xE5,0x55,0x55,0x41,0x05,0x55,0x55,
  0x05,0x04,0x40,0x01,0x04,0x55,0x55,0xF0,0xAA,0xBA,0xBC,0x02,0xA8,0x0A,0x22,0x2A,0xAF,0xFF,0xFA,0xA2,
  0x02,0xAC,0x75,0xFC,0x00,0x00,0x0F,0xD5,0x55,0x55,0x57,0xAA,0x08,0x3D,0x55,0x54,0x00,0x41,0x55,0x55,
  0x10,0x00,0x00,0x40,0x10,0x55,0x5F,0x2A,0xAA,0xBB,0xC0,0x2A,0xAB,0x3A,0x28,0xA8,0xAB,0xFF,0xEB,0x2A,
  0xCE,0xAB,0xFF,0xFF,0xFF,0xFF,0xFF,0xF5,0x55,0x55,0x57,0xAA,0xA0,0x83,0xD5,0x55,0x10,0x05,0x55,0x55,
  0x00,0x54,0x05,0x01,0x01,0x54,0xF0,0xEA,0xAA,0xBC,0x02,0xAA,0xA8,0x02,0x88,0xA2,0xAB,0xBB,0x2A,0x2A,
  0x02,0xA8,0xEE,0xEE,0xEE,0xEE,0xEE,0xF5,0x69,0x55,0x56,0xFA,0xEA,0x0C,0x3D,0x55,0x55,0x55,0x55,0x55,
  0x40,0x00,0x40,0x04,0x05,0x5F,0x02,0xAA,0xAB,0xC0,0xEA,0x2A,0xA8,0xCA,0xAA,0x0A,0xAA,0xEC,0xA8,0x2A,
  0x32,0x23,0x3F,0xFF,0xFF,0xFF,0xFF,0xF5,0xAA,0x15,0x56,0x2F,0xAA,0xAC,0x03,0x55,0x55,0x55,0x55,0x55,
  0x55,0x55,0x55,0x55,0x55,0x70,0x2A,0xBA,0xBC,0x03,0xB0,0x20,0xAB,0xBA,0xA8,0xA2,0x8A,0xAB,0xAA,0x82,
  0xEE,0x8A,0xF7,0x00,0x0D,0xC0,0x03,0x56,0x02,0x05,0x56,0x80,0xFA,0xBA,0x80,0xD5,0x55,0x55,0x55,0x55,
  0x55,0x55,0x55,0x55,0x55,0x7A,0xAA,0xBB,0xC0,0xE2,0xE8,0xAA,0x82,0xCA,0x28,0xAA,0xAA,0xAA,0xA0,0xAA,
  0xBA,0xA2,0xD5,0xC0,0x35,0x70,0x03,0x68,0xAA,0x2A,0x98,0x2A,0xA3,0xB8,0x88,0xD5,0x55,0x55,0x55,0x55,
  0x55,0x55,0x15,0x55,0x55,0x7E,0xAA,0xFC,0x03,0xB8,0x08,0xAA,0xAA,0xAA,0xA8,0x00,0x0A,0xA8,0x2A,0xAA,
  0xAA,0xAA,0xBF,0xFF,0xF5,0x73,0x3C,0xE2,0x82,0xA8,0xAA,0xAA,0xA0,0xFE,0x2B,0xD5,0x55,0x55,0x55,0x55,
  0x41,0x50,0x01,0x55,0x55,0x7E,0xAB,0x00,0x00,0xEA,0xAA,0xAA,0xAE,0xAA,0xAB,0xAA,0xAA,0xEA,0xAA,0xBA,
  0xAA,0xEA,0xAA,0xAA,0xAE,0xFE,0xAA,0xAA,0xAA,0xAA,0xE2,0xAA,0xAA,0xAB,0xAB,0xD5,0x55,0x55,0x55,0x55,
  0x00,0x41,0x40,0x55,0x55,0x5F,0xFF,0xFF,0x3F,0xFF,0x0F,0xFF,0xF3,0xFF,0xFC,0xFF,0xFF,0x3F,0xFF,0xCF,
  0xFF,0x3F,0xFF,0xFF,0xFF,0xFF,0xFF,0xFC,0xFF,0xFF,0x3F,0xFF,0xCF,0xFF,0xFF,0x55,0x55,0x55,0x55,0x55,
  0x01,0x00,0x10,0x55,0x55,0x5C,0xCA,0xAB,0x32,0xAA,0xCC,0xAA,0xB3,0xAA,0xAE,0xEA,0xAB,0xBA,0xAA,0xEE,
  0x83,0xBA,0xAA,0xEE,0xAA,0xBB,0xAA,0xAE,0xEA,0xA3,0x3A,0xA8,0xCC,0xAA,0x33,0x55,0x55,0x55,0x55,0x55,
  0x40,0x00,0x01,0x54,0x55,0x5C,0xEF,0xFB,0x3B,0xFE,0xCE,0xFF,0xBB,0xBF,0xEE,0xEF,0xFB,0xBB,0xFE,0xEE,
  0xF3,0xBB,0xFE,0xEE,0xFF,0xBB,0xBF,0xEF,0xEF,0xFB,0x3B,0xFE,0xCE,0xFF,0xB3,0x55,0x55,0x55,0x55,0x55,
  0x55,0x55,0x55,0x41,0x15,0x5C,0xEC,0xBB,0x3B,0x2E,0xCE,0xCB,0xB3,0xB2,0xEE,0xEC,0xBB,0xBB,0x2E,0xEE,
  0xF3,0xBB,0x0E,0xEE,0xEB,0xBB,0xBA,0xEE,0xEC,0x3B,0xBB,0x0E,0xCE,0xC3,0xB3,0x55,0x55,0x55,0x55,0x55,
  0x55,0x55,0x55,0x00,0x05,0x5C,0xEF,0xBB,0x3B,0xEE,0xCE,0xFB,0xBB,0xBE,0xEE,0xEF,0xBB,0xBB,0xEE,0xEE,
  0xF3,0xBB,0xEE,0xEE,0xFB,0xBB,0xBE,0xEF,0xEF,0xBB,0x3B,0xEE,0xCE,0xFB,0xB3,0x55,0x55,0x55,0x55,0x55,
  0x55,0x55,0x55,0x55,0x55,0x5C,0xCA,0xBB,0x32,0xAE,0xCC,0xAB,0xB3,0xAA,0xEE,0xEA,0xBB,0xBA,0xAE,0xEE,
  0x83,0xBA,0xAE,0xEE,0xAB,0xBB,0xAA,0xCC,0xEA,0xB3,0x3A,0xAC,0xCC,0xAB,0x33,0x55,0x55,0x55,0x55,0x55,
  0x55,0x55,0x55,0x55,0x55,0x5F,0xFF,0xFF,0xFF,0xFF,0xFF,0xFF,0xFF,0xFF,0xFF,0xFF,0xFF,0xFF,0xFF,0xFF,
  0xFF,0xFF,0xFF,0xFF,0xFF,0xFF,0xFF,0xFF,0xFF,0xFF,0xFF,0xFF,0xFF,0xFF,0xFD,0x55,0x55,0x55,0x55,0x55,
  0x55,0x55,0x55,0x55,0x55,0x55,0x54,0x00,0x00,0x03,0x55,0x53,0x33,0xCC,0xF8,0xD5,0xC8,0xB5,0x70,0x0D,
  0x5C,0x3F,0xFF,0xFF,0x35,0x70,0xFF,0xFF,0xFD,0x55,0x53,0xC3,0x3C,0xFD,0x55,0x55,0x55,0x55,0x55,0x55,
  0x55,0x55,0x55,0x55,0x55,0x55,0x52,0x2A,0xAA,0xA2,0x55,0x4A,0xAA,0xF0,0x0C,0xD5,0xCB,0xB5,0x7B,0x3D,
  0x5C,0xCA,0xAA,0xA8,0xF5,0x73,0xAA,0xAA,0x83,0x15,0x4A,0xAA,0xAA,0x8C,0x55,0x55,0x55,0x55,0x55,0x55,
  0x55,0x55,0x55,0x55,0x55,0x55,0x52,0xAA,0x0A,0xAA,0xD5,0x6A,0xAA,0xBC,0x03,0xD5,0xCB,0xB5,0x7B,0xAD,
  0x5F,0x2A,0xAA,0xAA,0xB5,0x7E,0xAA,0xAA,0xA0,0xD5,0x4A,0xAA,0xAA,0xA3,0x55,0x55,0x55,0x55,0x55,0x55,
  0x55,0x51,0x55,0x55,0x55,0x55,0x50,0x00,0x00,0x00,0xD5,0x40,0x00,0x33,0x03,0xD5,0xCB,0xB5,0x78,0x8D,
  0x5F,0x00,0x00,0x00,0xB5,0x7C,0x00,0x00,0x00,0xD5,0x70,0x00,0x00,0x03,0x55,0x55,0x55,0x54,0x15,0x55,
  0x55,0x54,0x55,0x55,0x55,0x55,0x5C,0x00,0x00,0x03,0x55,0x58,0x00,0xC0,0xC3,0xD5,0xC8,0xB5,0x78,0xBD,
  0x5F,0x80,0x00,0x00,0xF5,0x7C,0x00,0x00,0x00,0xD5,0x78,0x00,0x00,0x03,0x55,0x55,0x55,0x51,0x15,0x55,
  0x55,0x41,0x55,0x55,0x55,0x55,0x57,0xCF,0xB8,0xFD,0x55,0x57,0x3F,0xFF,0xFC,0xD5,0xC3,0xB5,0x78,0xBD,
  0x5C,0xFF,0x0F,0x3F,0x35,0x73,0xCC,0xFC,0xBF,0x55,0x5F,0x33,0xF3,0xFD,0x55,0x55,0x55,0x54,0x15,0x55,
  0x55,0x51,0x55,0x55,0x55,0x55,0x55,0xFC,0x30,0xCD,0x55,0x57,0xBE,0xFB,0x38,0xD5,0xC8,0xB5,0x7B,0x8D,
  0x5C,0xB3,0xEE,0x33,0x35,0x70,0xEC,0xB2,0xCD,0x55,0x54,0xB2,0xCB,0x35,0x55,0x55,0x55,0x50,0x05,0x55,
  0x55,0x40,0x15,0x55,0x55,0x55,0x55,0xCE,0xB2,0xCD,0x55,0x54,0xBA,0xCA,0xB8,0xD5,0xC8,0x35,0x78,0x8D,
  0x5C,0xBB,0x2E,0x3B,0x35,0x73,0xEE,0xB2,0xCD,0x55,0x57,0xBA,0xCB,0x35,0x55,0x55,0x55,0x44,0x15,0x55,
  0x55,0x04,0x55,0x55,0x55,0x55,0x55,0xEE,0xB2,0xCD,0x55,0x57,0xBA,0xEB,0xB8,0xD5,0xC8,0xB5,0x78,0xAD,
  0x5C,0xB3,0x2E,0x3B,0x35,0x72,0xEE,0xB2,0xCD,0x55,0x57,0x32,0xCB,0xF5,0x55,0x55,0x55,0x50,0x45,0x55,
  0x55,0x40,0x45,0x55,0x55,0x55,0x55,0xCE,0xB2,0xCD,0x55,0x57,0xB8,0xCB,0xB8,0xD5,0xC8,0xB5,0x78,0xCD,
  0x5C,0x83,0x2C,0x3B,0x35,0x73,0xEE,0xB2,0xFD,0x55,0x57,0xB2,0xCB,0xF5,0x55,0x55,0x55,0x44,0x05,0x55,
  0x55,0x01,0x15,0x55,0x55,0x55,0x55,0xCE,0xB2,0xCD,0x55,0x57,0xB8,0xCB,0xB8,0xD5,0xCC,0xB5,0x78,0xCD,
  0x5C,0xBB,0x2E,0x3B,0x35,0x72,0xEE,0xB2,0xFD,0x55,0x54,0xB2,0xCB,0x35,0x55,0x55,0x55,0x40,0x11,0x55,
  0x55,0x10,0x05,0x55,0x55,0x55,0x55,0xEE,0xB2,0xCD,0x55,0x57,0xBA,0xEB,0xB8,0xD5,0xC0,0xB5,0x78,0xED,
  0x5C,0x83,0x2E,0x3B,0xB5,0x72,0xEE,0xB2,0xCD,0x55,0x57,0x32,0xCB,0x35,0x55,0x55,0x55,0x54,0x05,0x55,
  0x54,0x00,0x15,0x55,0x55,0x55,0x55,0xEC,0xB2,0xCD,0x55,0x57,0xBA,0xEB,0x38,0xD5,0xC0,0xB5,0x78,0xAD,
  0x5C,0xBB,0x2E,0x33,0x35,0x73,0xEC,0xB2,0xCD,0x55,0x57,0x32,0xCB,0x35,0x55,0x55,0x55,0x40,0x15,0x55,
  0x55,0x00,0x11,0x55,0x55,0x55,0x55,0xEC,0xB2,0xCD,0x55,0x57,0x38,0xCB,0xF8,0xFF,0xCC,0xBF,0xF8,0x8F,
  0xFC,0xB3,0x2E,0x33,0x3F,0xF2,0xEC,0xB2,0xFD,0x55,0x54,0x32,0xCB,0x35,0x55,0x55,0x55,0x54,0x01,0x55,
  0x54,0x11,0x05,0x55,0x55,0x55,0x55,0x2C,0xBA,0xED,0x55,0x57,0xB8,0xEB,0xF0,0xC0,0xC0,0x30,0x38,0x2C,
  0x0C,0x33,0x2E,0x33,0x30,0x32,0xEC,0xBB,0xCD,0x55,0x57,0x32,0xCB,0x35,0x55,0x55,0x55,0x40,0x11,0x55,
  0x54,0x00,0x01,0x55,0x55,0x55,0x55,0xCC,0xBA,0xED,0x55,0x7C,0x38,0xEB,0xBF,0x0C,0x3F,0xCB,0x8F,0xF0,
  0xC3,0xFB,0x2E,0x3B,0xC3,0x0F,0x2C,0xB2,0xFF,0x95,0x57,0xB2,0xEB,0x35,0x55,0x55,0x55,0x44,0x01,0x55,
  0x54,0x10,0x05,0x55,0x55,0x55,0x55,0x2C,0xB2,0xCD,0x5F,0xEB,0xB0,0xCB,0x30,0x00,0x00,0x00,0x00,0x00,
  0x8A,0xBB,0x2E,0x33,0x80,0x20,0xEC,0xBB,0xFE,0xF5,0x57,0x32,0xEB,0x35,0x55,0x55,0x55,0x40,0x41,0x55,
  0x50,0x10,0x41,0x55,0x55,0x55,0x55,0xEE,0xB2,0xCD,0x7F,0xAF,0xC0,0xCB,0xF2,0xFB,0xEA,0xEE,0xCA,0xAA,
  0x2F,0xB3,0x2E,0x3B,0xEF,0xEA,0xE0,0xB2,0xCF,0xAD,0x57,0x3A,0xCB,0xF5,0x55,0x55,0x55,0x10,0x05,0x55,
  0x54,0x40,0x01,0x55,0x55,0x55,0x55,0xEC,0xB2,0xCD,0x30,0xEB,0xF3,0xCF,0xBA,0xEA,0xAA,0xAA,0xAA,0xAA,
  0xEA,0xB3,0x2C,0x3B,0x8A,0xBA,0xEC,0xB2,0xCE,0x23,0x47,0x32,0xCB,0xF5,0x55,0x55,0x55,0x44,0x40,0x55,
  0x50,0x01,0x05,0x55,0x55,0x55,0x55,0xEE,0xB2,0xEF,0xF0,0xEB,0xBA,0xEB,0xBA,0xAA,0xAA,0xAE,0xAA,0xAA,
  0x28,0xBB,0x2E,0x33,0xAA,0xA2,0x2C,0xB2,0xCC,0xBA,0xD7,0x3A,0xCB,0x35,0x55,0x55,0x55,0x40,0x01,0x55,
  0x44,0x00,0x04,0x55,0x55,0x55,0x55,0xEE,0xB2,0xCE,0xEF,0xBB,0xBA,0xEB,0xFB,0xEE,0xEE,0xB3,0x8F,0xB3,
  0x3E,0xBB,0x2E,0x33,0xEB,0xEB,0xEE,0xB2,0xCE,0xE0,0xB7,0xB2,0xCB,0x35,0x55,0x55,0x55,0x11,0x10,0x55,
  0x51,0x00,0x41,0x55,0x55,0x55,0x55,0x2E,0x32,0xCE,0xBA,0xAB,0xBE,0xEB,0xFE,0xAA,0xBF,0xC0,0xC2,0xEA,
  0xE0,0xBB,0x2C,0x33,0x8A,0xAA,0xEE,0xB2,0xCE,0x8A,0xEF,0x32,0xCB,0x35,0x55,0x55,0x55,0x40,0x01,0x55,
  0x50,0x10,0x01,0x55,0x55,0x55,0x55,0xEE,0x32,0xEE,0xAE,0xAF,0xBA,0xEB,0xF8,0x8A,0xAF,0x20,0x0B,0xEA,
  0xAA,0xB3,0x2C,0x33,0x82,0xAA,0xEE,0xB2,0xCF,0x83,0x8B,0x3A,0xCB,0xF5,0x55,0x55,0x55,0x40,0x51,0x55,
  0x51,0x00,0x00,0x55,0x55,0x55,0x55,0xCC,0xB2,0xEF,0xAA,0xBB,0xBA,0xEB,0xFA,0xAA,0xAC,0xCA,0x8C,0xEA,
  0xEA,0xB3,0x2E,0x33,0xAA,0xAA,0xEC,0xB2,0xFE,0xE2,0xAF,0xB2,0xCB,0xF5,0x55,0x55,0x55,0x10,0x00,0x55,
  0x40,0x01,0x11,0x55,0x55,0x55,0x55,0xCE,0x32,0xEE,0xFA,0xFF,0xB2,0xEB,0xFF,0xBB,0xEE,0xF3,0x3E,0xE3,
  0xE3,0xBB,0x2E,0x3B,0xC3,0x33,0xEE,0xB2,0xFF,0xFA,0xFB,0xBA,0xCB,0x35,0x55,0x55,0x55,0x40,0x01,0x55,
  0x10,0x00,0x01,0x55,0x55,0x55,0x57,0xCE,0xB2,0xCE,0xAB,0x2B,0xB0,0xEB,0x3A,0xAA,0xBE,0xEB,0x2E,0xEA,
  0x2A,0xBB,0xAE,0x3B,0xAA,0xAA,0xEE,0xB2,0xCE,0xAE,0x8B,0xBA,0xCB,0xFD,0x55,0x55,0x55,0x01,0x10,0x55,
  0x44,0x10,0x40,0x55,0x55,0x55,0x7E,0xCC,0xB2,0xEF,0xAC,0xAB,0xB2,0xEB,0xFA,0x82,0x2E,0xEB,0x2E,0xE8,
  0xEA,0xBB,0xAE,0x3B,0xAA,0x0A,0x2C,0xB2,0xCE,0xAB,0xAF,0x32,0xCB,0x3B,0xD5,0x55,0x55,0x40,0x01,0x55,
  0x40,0x31,0x01,0x55,0x55,0x5B,0x6A,0xEE,0xB2,0xEE,0xB2,0xAB,0xBA,0xCB,0xBA,0x02,0xAE,0xEB,0x2C,0xEA,
  0xEA,0xBB,0x2E,0x3B,0xEA,0x8A,0xEE,0xB2,0xCE,0xAA,0xE3,0xBA,0xCB,0x3E,0xBD,0x55,0x55,0x10,0x00,0x55,
  0x41,0x30,0x11,0x55,0x7D,0xEE,0xEA,0x2E,0xB2,0xEE,0xCA,0xAB,0xBA,0xCB,0x3A,0xAA,0xAE,0xEB,0x2C,0xEA,
  0xAA,0xB3,0xAE,0x33,0xAA,0xAA,0xEE,0xB2,0xFE,0xAA,0xBB,0x3A,0xCB,0x3A,0xEB,0xBD,0x55,0x40,0x44,0x55,
  0x40,0x10,0x00,0x55,0xEA,0xA7,0xAE,0xEE,0xB2,0xEF,0xBB,0xFB,0xBA,0xCB,0x3B,0xFB,0xB2,0xEB,0x2C,0xF3,
  0xBF,0x83,0xAE,0x3B,0x0B,0xFB,0xEE,0xB2,0xFE,0xFE,0xEC,0x3A,0xCB,0x3B,0xAE,0xEB,0xF5,0x00,0x01,0x55,
  0x54,0x3C,0x01,0x17,0xFA,0xBA,0xBA,0xEE,0x32,0xCC,0xAA,0xAB,0xB8,0xCB,0xFA,0xAA,0xAE,0x2B,0x2F,0xEA,
  0x2A,0xB3,0x2C,0x3B,0xAA,0xAA,0x2E,0xB2,0xFE,0xAA,0xAB,0x3A,0xCB,0x3A,0xBB,0xAA,0xF5,0x10,0x00,0x55,
  0x00,0x00,0x00,0x57,0xAE,0xAB,0xAA,0x2E,0x32,0xCE,0xAA,0xA8,0xB0,0xCB,0xF8,0xAA,0xAE,0xEB,0x2F,0xEA,
  0xEA,0xBB,0x2C,0x30,0xBA,0xAA,0xEE,0xB2,0xFE,0xAA,0xAB,0x3A,0xCB,0x3B,0xAA,0xAB,0xB5,0x40,0x40,0x55,
  0x40,0x41,0x00,0x57,0xEB,0xEA,0xBA,0xCE,0xBB,0x3E,0xAA,0xAB,0xB2,0xEB,0xBA,0xAA,0xB0,0xEB,0xAE,0xE0,
  0xA2,0x8B,0x2E,0xAB,0xAA,0xAA,0xEE,0xB2,0xCE,0xAA,0xA8,0x3A,0xEB,0x3A,0xAA,0xBE,0xF5,0x00,0x01,0x55,
  0x40,0x0C,0x10,0x5E,0xFB,0xFA,0xAE,0xCC,0xBC,0x0E,0xAA,0xAB,0x8A,0xEB,0xFA,0x80,0xA2,0xCB,0x2C,0xEA,
  0x2A,0xB0,0x22,0xBB,0xA2,0xAA,0xE0,0xB2,0xFE,0xAA,0xA8,0x32,0xCB,0x3A,0xAB,0xCE,0xB5,0x10,0x10,0x55,
  0x04,0x00,0x40,0x1F,0xBF,0xAA,0xAA,0xEC,0x3C,0x30,0xEE,0xC0,0xB8,0xEB,0xFC,0x3C,0x2E,0xCB,0x2E,0xFC,
  0x3B,0x3B,0x2C,0xB3,0xFB,0x3E,0xEC,0xB2,0xEC,0xCF,0x33,0xB2,0xCB,0x3A,0xBC,0x0B,0xB5,0x01,0x00,0x55,
  0x40,0x4C,0x01,0x7B,0xBE,0xEA,0xAA,0xCC,0x30,0xEA,0x80,0x03,0xB8,0xEB,0xF0,0x00,0xCF,0xCB,0x2E,0xC0,
  0xC0,0x33,0x20,0xBB,0x0C,0x00,0xE0,0xB2,0xEC,0x00,0xAB,0x32,0xCB,0xFA,0xAB,0xCF,0xFE,0x80,0x01,0x55,
  0x00,0x30,0x10,0x7E,0xEA,0xAF,0xAA,0xCE,0xB0,0xE8,0x00,0x03,0xBA,0xCB,0xB0,0x00,0x0C,0xEB,0x2E,0xC0,
  0x00,0x30,0x2C,0xB3,0x00,0x00,0x2E,0xB2,0xEC,0x00,0x0B,0x3A,0xCB,0x3A,0xAA,0xBB,0xAA,0x00,0x80,0x55,
  0x44,0x0C,0x40,0x7F,0xAA,0xAA,0xBE,0xCE,0xBC,0xEA,0x00,0x03,0xB2,0xEB,0x80,0x00,0x0E,0xEB,0xAC,0xC0,
  0xC0,0x38,0x2C,0xB3,0x0C,0x00,0xEE,0xB2,0xEC,0x00,0x03,0x3A,0xEB,0x3A,0xAA,0xEA,0xAA,0x8B,0x00,0x95,
  0x00,0x4C,0x01,0xFA,0xEA,0xAA,0xAA,0xCE,0xB3,0x38,0x00,0x0F,0xBA,0xEB,0x30,0x03,0x0E,0xEB,0xAC,0xC0,
  0x00,0x3B,0x2E,0xBB,0x00,0x00,0xEC,0xB2,0xFF,0x00,0x03,0xB2,0xCB,0x3A,0xEA,0xAA,0xAA,0x03,0x00,0xE5,
  0x40,0x30,0x10,0xFA,0xAE,0xAA,0xAA,0xCE,0x32,0xCC,0xCF,0x33,0xBA,0xEB,0xBF,0xCC,0x3E,0xCB,0xAF,0xFE,
  0xFB,0xFB,0x2C,0xB3,0x33,0x3F,0xEE,0xB2,0xFC,0xCF,0xCC,0xB2,0xCB,0x3A,0xAB,0xAA,0xAA,0x01,0x20,0xBD,
  0x40,0xCC,0x00,0xAE,0xAA,0xEE,0xAA,0xCE,0x32,0xFC,0x00,0x03,0xBA,0xCB,0xB0,0x00,0x0E,0xEB,0xAE,0xC0,
  0xC0,0x3B,0xAC,0xB3,0x00,0x00,0x0E,0xB2,0xCC,0x20,0x00,0x82,0xCB,0x3A,0xAF,0xAA,0xAA,0x83,0x00,0xAD,
  0x44,0x0C,0xC4,0x2A,0xAA,0xAA,0xAB,0xEC,0xB2,0xEC,0x02,0xEB,0xB0,0xEB,0xF0,0xAA,0xAE,0xAB,0xAF,0xCA,
  0xAA,0x0B,0x2C,0xBB,0xA8,0xA0,0xEC,0xB2,0xEE,0xB8,0x03,0x82,0xCB,0x3E,0xAA,0xAA,0xAA,0x03,0x01,0xBB,
  0x00,0x30,0x02,0x2B,0xAA,0xAA,0xAC,0xEC,0xB2,0xEC,0x08,0xAB,0xB0,0xCB,0xF2,0xAE,0xAE,0xEB,0xAF,0xCA,
  0xEA,0x3B,0x2E,0xB3,0xAB,0xA8,0xCE,0xB2,0xEE,0xAA,0x03,0xB2,0xEB,0x33,0xAA,0xAA,0xAA,0x23,0x00,0xAE,
  0x40,0x8C,0x04,0xAA,0xAA,0xAA,0xB2,0xCC,0xB2,0xCC,0x2B,0xAB,0xBA,0xEB,0x32,0xA2,0xA0,0xEB,0xAC,0xEA,
  0xAA,0x8B,0x2E,0xB3,0x8A,0xA8,0x0C,0xB2,0xCE,0xAE,0x83,0xB2,0xC3,0x38,0xEA,0xAA,0xAE,0x00,0x82,0xBA,
  0xC8,0x30,0x00,0x2A,0xBB,0xBA,0xCA,0xFC,0xB2,0xFC,0xA2,0xAB,0xB2,0xCB,0xFA,0xAA,0xAC,0xEB,0xAF,0xEA,
  0xEA,0xB3,0xAC,0xBF,0xAA,0x8A,0xFE,0x32,0xFE,0xAA,0xA3,0xB2,0xCB,0xFA,0x3A,0xAE,0xEA,0x03,0x01,0xAA,
  0xB0,0x30,0x08,0xAA,0xBA,0xAB,0x2A,0x8F,0xBE,0xC2,0xBA,0xA2,0xB0,0xCB,0x0A,0xBA,0xA8,0xEB,0xAE,0xAA,
  0xEA,0xA3,0x0C,0x30,0xAA,0xEA,0x0C,0x30,0xC2,0xAA,0xE8,0x3E,0xCF,0x2A,0x8E,0xAA,0xAA,0x83,0x00,0xAA,
  0x83,0x0C,0x00,0xEE,0xAA,0xAC,0xAA,0xA0,0x20,0x2A,0xAA,0xAA,0x0A,0x2A,0xAA,0xAA,0xAA,0xAA,0xAA,0xAA,
  0xAA,0xAA,0x80,0xAA,0xAA,0xAA,0xAA,0x8A,0xAA,0xAA,0xAA,0xAA,0xAA,0xAA,0xAB,0xAA,0xAB,0x80,0x08,0xAB,
  0x00,0x00,0x23,0xAA,0xAA,0xB2,0xAA,0xAA,0xAA,0xAA,0xEB,0xBA,0xAA,0xAA,0xAA,0xEA,0xAA,0xAA,0xAA,0xAA,
  0xEA,0xAA,0xAA,0xAA,0xAA,0xBA,0xAA,0xAA,0xAA,0xAA,0xB2,0xAA,0xAA,0xB2,0xAA,0xEA,0xAA,0x83,0x02,0xBE,
  0x80,0x3C,0x00,0xAA,0xEA,0xFF,0xFF,0x0F,0xC3,0xFF,0xBF,0xFF,0x3F,0xFF,0xFF,0xBF,0x3F,0xFB,0xFF,0xFF,
  0xFF,0xEF,0xEF,0xCF,0xFF,0xCF,0xFC,0x00,0xFF,0xFC,0x03,0xCF,0xFF,0xF3,0xCF,0xFA,0xAA,0xA3,0x06,0xAA,
  0x88,0x30,0x00,0xAA,0xEA,0xEE,0x0C,0x00,0x32,0x00,0xC0,0x00,0x00,0x00,0x00,0xC0,0xAA,0x8C,0xA0,0x00,
  0x08,0xBB,0xB0,0x00,0x3A,0xB8,0x0B,0x00,0x00,0x00,0x0C,0x00,0x00,0x00,0xB2,0xBA,0xAA,0xAF,0xCA,0xAA,
  0xA2,0x33,0x82,0xAA,0xAB,0xEB,0xA0,0x2A,0xBA,0x8A,0xCA,0xA2,0xAA,0xAA,0x80,0xEA,0xC0,0xAA,0x2A,0xAB,
  0x22,0xA0,0xA2,0xAA,0xA0,0x02,0x28,0xAA,0xAA,0xAA,0xAC,0xAA,0xAA,0xAA,0x82,0xBA,0xAA,0xA3,0x2A,0xAA,
  0xE0,0xF3,0x0E,0xAA,0xAE,0xEA,0xAA,0x80,0x30,0x8A,0xC0,0xAA,0xAA,0xA0,0xA8,0xC0,0x0A,0xAA,0xAA,0x80,
  0xE2,0x2B,0x3A,0x8A,0xAA,0x3A,0x28,0x30,0x28,0x28,0x0C,0x00,0xA2,0x02,0x82,0xBE,0xAA,0xAF,0xEA,0xAA,
  0xBA,0xC3,0xAA,0xAA,0xBA,0xFF,0xFF,0xFF,0xFF,0xFF,0xFC,0x3F,0xFF,0xFF,0xFF,0xFF,0xFF,0xFF,0xFF,0xFF,
  0xFF,0xFF,0x3F,0xFF,0xFC,0xFF,0xFF,0xFF,0xFF,0xFF,0x0F,0xCF,0xFF,0xF3,0xCF,0xFB,0xAA,0xAF,0xEA,0xAE,
  0xAE,0xFF,0xAE,0xAA,0xEE,0xAA,0xAA,0xAA,0xAA,0xAF,0xAA,0xAA,0xAA,0xAA,0x83,0x2A,0xA0,0xAA,0x20,0x0A,
  0xEA,0xAA,0xAA,0xA2,0xAA,0x2E,0xAA,0x0A,0xAA,0xAA,0xAB,0xAA,0x0A,0xA2,0xAA,0xAA,0xEA,0xAF,0xEA,0xAE,
  0xAA,0xFF,0xBB,0xAA,0xFF,0xFF,0xFF,0xFF,0x2F,0xFF,0x33,0xFC,0xFF,0xFF,0xFC,0xFF,0x3F,0xF3,0xFF,0xFF,
  0x3F,0xCF,0xCF,0xCF,0xC3,0xFF,0xFF,0x3F,0x0F,0xFF,0xFC,0xF3,0xFF,0xFF,0xF3,0xFF,0xEA,0xAF,0xEA,0xAE,
  0xAA,0xFF,0xEE,0xAA,0xEE,0xAE,0x80,0x00,0x32,0x32,0xAA,0x03,0x08,0x08,0x0B,0x20,0x28,0x0C,0x00,0xA0,
  0xC0,0x30,0x02,0x88,0xA8,0x3B,0xA0,0xC2,0xF2,0x80,0xF0,0x3E,0xAA,0xAA,0x80,0xAA,0xEA,0xAF,0xFA,0xAA,
  0xEE,0xFF,0xBA,0xAA,0xFA,0xE2,0x2A,0xAA,0x02,0x02,0x82,0x2A,0xAA,0xA0,0xA3,0x8A,0x2A,0xAA,0xAA,0x22,
  0x28,0x8A,0xA8,0x0A,0x00,0xA3,0x80,0xFA,0xA8,0x2A,0x00,0x00,0xAA,0xAA,0x00,0x0A,0xEA,0xBB,0xEA,0xAA,
  0xAA,0xFF,0xAA,0xAA,0xEB,0xAE,0x82,0x8A,0xA8,0x3A,0xA2,0x82,0x8A,0xAA,0x8B,0x0A,0xAA,0xAA,0x2A,0xAA,
  0xC8,0xAB,0x02,0x82,0xA2,0xAA,0xAA,0xAA,0x82,0x0A,0xAA,0x8A,0x2A,0xAA,0xEA,0xAA,0xEA,0xAF,0xBA,0xAA,
  0xAA,0xEE,0xEA,0xAB,0xFA,0xF2,0x00,0xA8,0x0A,0xB0,0x0C,0x20,0x02,0xAA,0x83,0xB0,0x00,0x2A,0x00,0xAA,
  0x80,0x0A,0xAA,0xA0,0xA0,0x0F,0xAA,0x8A,0xAA,0xA8,0xF0,0x3A,0x80,0xAA,0x28,0xAA,0xEA,0xAA,0xAA,0xAA,
  0xAB,0xBA,0xAA,0xAE,0xFF,0xFF,0xFF,0xFF,0xEF,0xFF,0x3B,0xCC,0xFF,0xFF,0xFE,0xFF,0x3F,0xFF,0xFF,0xFF,
  0xFF,0xFF,0xFF,0xFF,0xFF,0xFF,0xFF,0xFF,0xCF,0xFF,0xFF,0xFF,0xFF,0xFF,0xF3,0x3F,0xFA,0xAA,0xAA,0xAA,
  0xAA,0xAB,0xAA,0xBA,0xAA,0xAA,0xAC,0xAA,0xAA,0xEA,0xAA,0xAA,0xAA,0xAA,0xAF,0xAA,0xAA,0xAA,0xAA,0xAA,
  0xEA,0xAA,0xAA,0xAA,0xAA,0xAA,0xEA,0xAA,0xAA,0xAA,0xAA,0xAF,0xAA,0xAA,0xAE,0xAA,0xAE,0xAA,0xAA,0xAA,
  0xAA,0xAA,0xAA,0xFF,0xFF,0xFF,0xF3,0xFF,0xBF,0xFE,0xFC,0x3B,0xFF,0xFF,0xFB,0xFA,0xFF,0xF3,0xFF,0xFF,
  0xBF,0xCC,0xCF,0xCF,0xF3,0xFC,0xFF,0xC3,0x33,0xFF,0xFF,0xFC,0xFF,0xFF,0xFC,0xFF,0xFF,0xAA,0xAA,0xAA,
  0xAA,0xAA,0xAA,0xFA,0xEF,0xA0,0x00,0x02,0xC3,0x83,0x2A,0x3C,0x00,0x02,0x8A,0x0F,0x2A,0x00,0x00,0x00,
  0xAA,0x8A,0x02,0x82,0x00,0xA0,0xC0,0xAA,0x8A,0x02,0xAA,0x8B,0x2A,0x28,0x00,0x8A,0xAB,0xAF,0xAA,0xAA,
  0xAA,0xAA,0xAA,0xEB,0xAA,0xE2,0xAA,0xAA,0x00,0xA8,0x80,0xAA,0xA2,0xA8,0x8C,0x30,0x8A,0xA2,0xAA,0xA0,
  0xC2,0x2A,0xAA,0xA2,0x8A,0xA8,0xC0,0x2A,0xA2,0x0A,0x00,0x0B,0x02,0x2A,0xA0,0x8A,0xAB,0xAF,0xAE,0xAB,
  0xAA,0xAA,0xAA,0xEF,0xBE,0xA0,0xAA,0xAA,0xA3,0x2A,0x2A,0xAA,0xAA,0xA8,0x2C,0x00,0xC2,0xAA,0xAA,0xAA,
  0xC0,0xAA,0xAA,0xAA,0xAA,0x80,0x2A,0xAA,0xAA,0x2A,0x02,0x88,0x2A,0xA0,0xAA,0x8B,0xBB,0xAA,0xBE,0xAB,
  0xAA,0xAA,0xAA,0xEB,0xAA,0xEA,0x02,0x03,0x03,0x00,0x30,0x0C,0x30,0x2A,0x8C,0x2A,0xA8,0x30,0x2A,0x00,
  0xC2,0xAA,0xA0,0xA0,0xA0,0xAA,0xC0,0x0E,0x00,0x2A,0xAA,0x0B,0x2A,0x2A,0xA2,0x8B,0xAF,0xAA,0xAA,0xAA,
  0xAA,0xAA,0xAA,0xFF,0xFF,0xFF,0xF3,0xFE,0xFF,0x3F,0xEF,0xFB,0xEF,0xFF,0xFB,0xFF,0xFF,0xEF,0xFF,0xFF,
  0x33,0xFF,0xFF,0xFF,0xCF,0xFF,0xFF,0xF3,0xF3,0xC3,0xFF,0x30,0xC3,0xF0,0x0F,0xFF,0xFF,0xAA,0xAA,0xAA,
  0xAA,0xAA,0xAA,0xAA,0xAA,0xAA,0xAA,0xAA,0xAA,0xAA,0xAA,0xAA,0xAA,0xAA,0xAA,0xAA,0xAA,0xAA,0xAA,0xAA,
  0xAA,0xAA,0xAA,0xAA,0xAA,0xAA,0xAA,0xAA,0xAA,0xAA,0xAA,0xAA,0xAA,0xAA,0xAA,0xAA,0xAA,0xAA,0xAA,0xAA,
};
static const uint8_t scene5_fixed[97][3]={
  {0,1,1},{0,2,1},{0,2,1},{0,2,3},{0,2,3},{0,2,3},{0,2,3},{0,2,3},{0,2,3},{0,2,3},{0,2,3},{0,2,3},{0,2,3},{0,2,3},{0,2,3},{0,2,3},{0,2,3},{0,2,3},{0,2,3},{0,2,3},{0,2,3},{0,2,3},{0,1,3},{0,2,3},{0,2,3},{0,2,3},{0,2,3},{0,2,3},{0,1,3},{0,2,3},{0,2,3},{0,2,3},{0,2,3},{0,2,3},{0,2,3},{0,2,3},{0,2,3},{0,2,3},{0,2,3},{0,2,3},{4,2,3},{4,2,3},{4,2,3},{4,2,3},{4,2,3},{4,2,3},{4,2,3},{4,2,3},{4,2,3},{4,2,3},{4,2,3},{4,2,3},{4,2,3},{4,2,3},{4,2,3},{4,2,3},{4,2,3},{4,2,3},{4,2,3},{4,2,3},{4,2,3},{4,2,3},{4,2,3},{4,2,3},{4,2,3},{4,2,3},{4,2,3},{4,2,3},{4,2,3},{4,2,3},{4,2,3},{1,2,3},{4,2,3},{4,2,3},{1,2,3},{1,2,3},{1,2,3},{4,2,3},{1,2,3},{1,2,3},{1,2,3},{1,2,3},{1,2,3},{1,2,3},{1,2,3},{1,2,3},{1,2,3},{1,2,3},{1,2,3},{1,2,3},{1,2,3},{1,2,3},{1,2,3},{1,2,3},{1,2,3},{1,2,3},{1,2,1}};
static const SceneRun scene5_runs[217]={{63,5},{144,6},{11,6},{61,5},{143,6},{10,6},{59,5},{143,6},{2,6},{57,5},{143,6},{1,6},{43,5},{144,6},{1,6},{40,5},{0,6},{38,5},{0,6},{36,5},{0,6},{34,5},{0,6},{32,5},{145,6},{0,6},{30,5},{143,6},{0,6},{28,5},{144,6},{0,6},{23,5},{1,6},{24,5},{22,5},{33,5},{8,6},{31,5},{1,6},{28,5},{0,6},{32,5},{0,6},{23,5},{1,6},{23,5},{13,6},{23,5},{12,6},{23,5},{23,5},{27,5},{26,5},{26,5},{6,7},{26,5},{151,7},{7,7},{27,5},{150,7},{5,7},{29,5},{151,7},{6,7},{31,5},{150,7},{5,7},{29,5},{149,7},{4,7},{34,5},{150,7},{5,7},{29,5},{149,7},{4,7},{29,5},{149,7},{4,7},{34,5},{151,7},{3,7},{31,5},{149,7},{4,7},{31,5},{151,7},{3,7},{28,5},{149,7},{3,7},{29,5},{149,7},{3,7},{28,5},{149,7},{2,7},{34,5},{148,7},{3,7},{31,5},{149,7},{2,7},{34,5},{149,7},{1,7},{34,5},{148,7},{2,7},{28,5},{149,7},{2,7},{32,5},{149,7},{2,7},{29,5},{148,7},{1,7},{29,5},{149,7},{0,7},{29,5},{148,7},{1,7},{29,5},{149,7},{1,7},{34,5},{148,7},{1,7},{28,5},{149,7},{1,7},{34,5},{148,7},{3,7},{32,5},{148,7},{0,7},{28,5},{149,7},{1,7},{29,5},{148,7},{1,7},{29,5},{148,7},{0,7},{31,5},{148,7},{1,7},{29,5},{149,7},{0,7},{29,5},{148,7},{1,7},{29,5},{149,7},{0,7},{29,5},{148,7},{1,7},{29,5},{148,7},{1,7},{29,5},{149,7},{1,7},{31,5},{148,7},{0,7},{27,5},{148,7},{1,7},{26,5},{148,7},{1,7},{25,5},{148,7},{2,7},{24,5},{149,7},{1,7},{23,5},{149,7},{0,7},{22,5},{149,7},{1,7},{28,5},{150,7},{1,7},{24,5},{153,7},{2,7},{26,5},{150,7},{2,7},{29,5},{5,7},{43,5},{57,5},{32,5},{25,5},{22,5},{25,5},{22,5},{40,5},{27,5},{26,5},{22,5},{22,5},{22,5},{24,5},{26,5}};
static const uint16_t scene5_run_ofs[98]={0,0,0,0,0,2,5,8,11,14,16,18,20,22,25,28,31,33,35,36,37,39,41,43,45,47,49,51,52,52,53,54,55,58,61,64,67,70,73,76,79,82,85,88,91,94,97,100,103,106,109,112,115,118,121,124,127,130,133,136,139,142,145,148,151,154,157,160,163,166,169,172,175,178,181,184,187,190,193,196,199,201,203,204,205,206,207,208,209,210,211,212,213,214,215,216,217,217};
static const SceneCol scene5_pal[8]={{117,131,221},{0,0,0},{211,164,104},{119,72,11},{30,45,136},{176,130,70},{171,171,171},{97,170,70}};
static const uint8_t scene6_bits[3880]={
  0xAA,0xAA,0xAA,0xAA,0xAA,0xAA,0xAA,0xAA,0xAA,0xAA,0xAA,0xAA,0xAA,0xAA,0xAA,0xAA,0xAA,0xAA,0xAA,0xAA,
  0xAA,0xAA,0xAA,0xAA,0xAA,0xAA,0xAA,0xAA,0xAA,0xAA,0xAA,0xAA,0xAA,0xAA,0xAA,0xAA,0xAA,0xAA,0xAA,0xAA,
  0xAA,0xAA,0xAA,0xAA,0x8A,0xAA,0xAA,0xAA,0xAA,0xAA,0xAA,0xAA,0xAA,0xAA,0xAA,0xAA,0xAA,0xAA,0xAA,0xAA,
  0xAA,0xAA,0xAA,0xAA,0xAA,0xAA,0xAA,0xAA,0xAA,0xAA,0xAA,0xAA,0xAA,0xAA,0xAA,0xAA,0xAA,0xAA,0xAA,0xAA,
  0xAA,0xAA,0xAA,0xA8,0xAA,0x2A,0xAA,0xAA,0xA2,0xA0,0xAA,0xAA,0xAA,0xAA,0xAA,0xAA,0xAA,0xAA,0xAA,0xAA,
  0xAA,0xAA,0xAA,0xAA,0xAA,0xAA,0xAA,0xAA,0xAA,0xAA,0xAA,0xAA,0xAA,0xAA,0xAA,0xAA,0xAA,0xAA,0xAA,0xAA,
  0xAA,0xAA,0xA8,0x20,0x20,0x2A,0xAA,0xAA,0xA8,0x2A,0x2A,0xAA,0xAA,0xAA,0xAA,0xAA,0xAA,0xAA,0xAA,0xAA,
  0xAA,0xAA,0xAA,0xAA,0xAA,0xAA,0xAA,0xAA,0xAA,0xAA,0xAA,0xAA,0xAA,0xAA,0xAA,0xAA,0xAA,0xAA,0xAA,0xAA,
  0xAA,0xAA,0x8A,0x8B,0x23,0x0A,0xAA,0xAA,0xA8,0x2A,0xAA,0xAA,0xAA,0xAA,0xAA,0xAA,0xAA,0xAA,0xAA,0xAA,
  0xAA,0xAA,0xAA,0xAA,0xAA,0xAA,0xAA,0xAA,0xAA,0xAA,0xAA,0xAA,0xAA,0xAA,0xAA,0xAA,0xA8,0xAA,0xAA,0xAA,
  0xAA,0xA8,0x08,0x8B,0x0B,0x2A,0xAA,0xAA,0x20,0x92,0x28,0xAA,0xAA,0xAA,0xAA,0xAA,0xAA,0xAA,0xAA,0xAA,
  0xAA,0xAA,0xAA,0xAA,0xAA,0xAA,0xAA,0xAA,0xAA,0xAA,0xAA,0xAA,0xAA,0xAA,0xAA,0xAA,0x22,0x22,0xA8,0x2A,
  0xAA,0xAA,0xA1,0xE2,0xE9,0x0A,0x0A,0xAA,0xA8,0x86,0xA2,0x2A,0xAA,0xAA,0xAA,0xAA,0xAA,0xAA,0xAA,0xAA,
  0xAA,0xAA,0xAA,0xAA,0xAA,0xAA,0xAA,0xAA,0xA8,0x00,0xAA,0xAA,0xAA,0xAA,0xAA,0xA2,0xA2,0x02,0x82,0xA2,
  0xAA,0xAA,0x05,0xBA,0xE6,0x88,0xA2,0xAA,0x02,0xA9,0xA2,0x8A,0xAA,0xAA,0xAA,0xAA,0xAA,0xAA,0xAA,0xAA,
  0xAA,0xAA,0xAA,0xAA,0xAA,0xAA,0xAA,0xAA,0xA0,0x00,0x2A,0xAA,0xAA,0xAA,0xAA,0xA0,0x28,0xA2,0xAA,0x22,
  0xAA,0xAA,0xA8,0xA6,0xDE,0x2A,0x0A,0xAA,0x27,0x81,0x29,0x0A,0xAA,0xAA,0xAA,0xAA,0xAA,0xAA,0xAA,0xAA,
  0xAA,0xAA,0xAA,0xAA,0xAA,0xAA,0xAA,0xAA,0x80,0x00,0x0A,0xAA,0xAA,0xAA,0xAA,0x8A,0x88,0x1A,0xA0,0xA9,
  0xAA,0xAA,0x82,0x01,0x58,0xA8,0xE0,0xAA,0x11,0xEA,0x66,0x0A,0xAA,0xAA,0xAA,0xAA,0xAA,0xAA,0xAA,0x0A,
  0xCA,0xAA,0xAA,0xAA,0xAA,0xAA,0xAA,0xAA,0x80,0x00,0x0A,0xAA,0xAA,0xAA,0xAA,0xA0,0x80,0xB6,0x95,0x95,
  0xAA,0xBA,0xA8,0xA9,0x7A,0xEA,0x38,0xAA,0x00,0xD9,0x50,0x2A,0xAA,0xAA,0xAA,0xAA,0xAA,0xAA,0xAB,0x80,
  0x02,0xAA,0xAA,0xAA,0xAA,0xAA,0xAA,0xAA,0x80,0x00,0x02,0xAA,0xAA,0xAA,0xAA,0xA2,0x0A,0xAD,0xAD,0x5E,
  0xAA,0xAC,0x0A,0xA2,0x60,0xE2,0x11,0xAA,0x80,0x95,0x7A,0xAA,0xAA,0xAA,0xAA,0xAA,0xAA,0xAA,0xAC,0x04,
  0x00,0xAA,0xAA,0xAA,0xAA,0xAA,0xAA,0xAA,0xA8,0x00,0x02,0xAA,0xAA,0xAA,0xAA,0x88,0x21,0x63,0x75,0xD8,
  0xA2,0x09,0xEA,0xA8,0x4B,0xA8,0x14,0xAA,0xA8,0xA7,0x6A,0x22,0xAA,0xAA,0xAA,0xAA,0xAA,0xAA,0xAC,0xB4,
  0x20,0x2A,0xAA,0xAA,0xAA,0xAA,0xAA,0xAA,0xAA,0xAA,0xAA,0xAA,0xAA,0xAA,0xAA,0xA2,0x2A,0x35,0xE8,0x9E,
  0x8A,0x6E,0xAA,0x88,0x55,0x20,0x92,0x22,0x88,0xA5,0xA0,0x88,0xAA,0xAA,0xAA,0xAA,0xAA,0xAA,0xB2,0x04,
  0x00,0x2A,0xAA,0xAA,0xAA,0xAA,0xAA,0xAA,0x00,0x00,0x02,0xAA,0xAA,0xAA,0xAA,0x82,0x9F,0xE9,0xA8,0x5B,
  0xA3,0x96,0x0A,0xA9,0x78,0x1A,0x5A,0x08,0xAA,0x36,0xB4,0xA0,0xAA,0xAA,0xAA,0xAA,0xAA,0xAA,0xB2,0x34,
  0x00,0x0A,0xAA,0xAA,0xAA,0xAA,0xAA,0xAA,0x00,0x00,0x02,0xAA,0xAA,0xAA,0xAA,0xAC,0xF4,0x07,0xA1,0x12,
  0xA8,0x2E,0x98,0xA5,0xE2,0x9A,0x68,0x82,0xAA,0x96,0x81,0x10,0xAA,0xAA,0xAA,0xAA,0xAA,0xAA,0xC8,0xA8,
  0x20,0x0A,0xAA,0xAA,0xAA,0xAA,0xAA,0xAA,0x00,0x00,0x02,0xAA,0xAA,0xAA,0xAA,0x88,0xA6,0xA6,0xAA,0xB2,
  0x1A,0xA5,0x66,0x85,0x88,0x99,0x48,0x48,0xAA,0x96,0x83,0x68,0xAA,0xAA,0xAA,0xAA,0xAA,0xAA,0x20,0x30,
  0x00,0x02,0xAA,0xAA,0xAA,0xAA,0xAA,0xAA,0xAA,0xA0,0x02,0xAA,0xAA,0xAA,0xAA,0xAA,0xAC,0x1C,0x2A,0xBA,
  0x14,0xA5,0xAE,0xA5,0x2A,0x99,0x82,0x6A,0x3A,0x56,0x25,0x02,0xAA,0xAA,0xAA,0xAA,0xAA,0xAB,0x30,0xA0,
  0x10,0x00,0xAA,0xAA,0xAA,0xAA,0xAA,0xAA,0x80,0xA2,0xAA,0xAA,0xAA,0xAA,0x8A,0x28,0xAA,0x9A,0xAA,0xAA,
  0xA1,0x56,0x82,0x96,0x14,0xA5,0x29,0x40,0x86,0x5A,0xB6,0x02,0xAA,0xAA,0xAA,0xAA,0xAA,0xAC,0xB8,0xB0,
  0x00,0x10,0xAA,0xAA,0xAA,0xAA,0xAA,0xAA,0x80,0x00,0x0A,0xAA,0xAA,0xAA,0x22,0xB2,0x2A,0xEA,0xAA,0xAA,
  0x0A,0x95,0xAA,0x16,0x25,0x16,0x6D,0x28,0x27,0x5D,0xD8,0x0A,0xAA,0xAA,0xAA,0xAA,0xAA,0xB0,0xC2,0xE0,
  0x40,0x04,0x0A,0xAA,0xAA,0xAA,0xAA,0xAA,0xA0,0x00,0x2A,0xAA,0xAA,0xAA,0x88,0xA9,0x2A,0xAA,0xAA,0xAA,
  0xAA,0x85,0x0A,0x96,0x09,0x50,0xB5,0x26,0xA5,0x65,0x6A,0x2A,0xAA,0xAA,0xAA,0xAA,0xAA,0x8C,0xE3,0x20,
  0x10,0x01,0x02,0xAA,0xAA,0xAA,0xAA,0xAA,0xA8,0x82,0xAA,0xAA,0xAA,0xA8,0xA8,0x69,0xA2,0x2A,0xAA,0xAA,
  0xA5,0x61,0xAA,0x06,0x89,0x69,0xD6,0xA4,0x9D,0xAA,0x98,0xAA,0xAA,0xAA,0xAA,0xAA,0xAA,0xCB,0x0B,0x30,
  0x00,0x10,0x00,0xAA,0xAA,0xAA,0xAA,0xAA,0xAA,0xAA,0xAA,0xAA,0xAA,0xAA,0x88,0x95,0xA6,0xA2,0xAA,0xAA,
  0x91,0x55,0x6A,0x96,0xA9,0x07,0x56,0x92,0x75,0x82,0x8A,0xAA,0xAA,0xAA,0xAA,0xAA,0xAB,0x0F,0xCC,0x20,
  0x04,0x00,0x00,0x2A,0xAA,0xAA,0xAA,0xAA,0xAA,0xAA,0xAA,0xAA,0xAA,0xA9,0x6A,0xB6,0x29,0xB2,0x82,0xAA,
  0x56,0x15,0x4A,0x85,0xA5,0x28,0x9D,0x19,0x5B,0x68,0x2A,0xAA,0xAA,0xAA,0xAA,0xAA,0xA4,0x33,0xAC,0x21,
  0x01,0x01,0x00,0xAA,0xAA,0xAA,0xAA,0xAA,0xAA,0xAA,0xAA,0xAA,0xAA,0x88,0x95,0x86,0x22,0x48,0x28,0x2A,
  0x42,0x21,0x56,0x25,0x96,0xA0,0xD6,0x55,0x60,0xD5,0x0A,0xAA,0xAA,0xAA,0xAA,0xAA,0xB0,0xCE,0x38,0xB1,
  0x00,0x00,0x00,0x0A,0xAA,0xAA,0xAA,0xAA,0xAA,0xAA,0xAA,0xAA,0xAA,0xA9,0x23,0x56,0xA8,0x48,0x96,0x8A,
  0x28,0x8B,0x52,0x05,0x56,0x0A,0x15,0x57,0x88,0x9A,0x2A,0xAA,0xAA,0xAA,0xAA,0xAA,0xCF,0x80,0xD0,0xA1,
  0x41,0x50,0x40,0x02,0xAA,0xAA,0xAA,0xAA,0xAA,0xAA,0xAA,0xAA,0xAA,0xA2,0x5E,0x35,0x5A,0x62,0x98,0x2A,
  0x80,0xAA,0x56,0xA9,0x5A,0xA3,0x5F,0xD2,0xA8,0x62,0x2A,0xAA,0xAA,0xAA,0xAA,0xA9,0x11,0x40,0x51,0x45,
  0x51,0x40,0x04,0x50,0xAA,0xAA,0xAA,0xAA,0xAA,0xAA,0xAA,0xAA,0xAA,0xAB,0xE8,0xFB,0x55,0x6A,0x62,0x82,
  0x2A,0x8A,0xD1,0x09,0x48,0xBD,0x51,0xA0,0x2A,0x88,0xAA,0xAA,0xAA,0xAA,0xAA,0xAC,0x45,0x24,0x40,0x45,
  0x50,0x51,0x45,0x04,0x2A,0xAA,0xAA,0xAA,0xAA,0xAA,0xAA,0xAA,0xAA,0xA2,0xA1,0x6F,0x7D,0x55,0x6A,0x2A,
  0xA8,0x22,0xD4,0xA5,0x6A,0xD5,0x79,0x48,0x28,0x22,0x2A,0xAA,0xAA,0xAA,0xAA,0x95,0x14,0x11,0x51,0x45,
  0x54,0x54,0x51,0x45,0xCA,0xAA,0xAA,0xAA,0xAA,0xAA,0xAA,0xAA,0xAA,0xA8,0x17,0xAD,0xAA,0x7D,0x55,0xC8,
  0xA2,0x9A,0xB5,0xA5,0x6F,0x5F,0xC8,0x55,0x8A,0x22,0x2A,0xAA,0xAA,0xAA,0xAA,0xDC,0x54,0x51,0x55,0xD5,
  0x55,0x55,0x55,0x55,0x7E,0xAA,0xAA,0xAA,0xAA,0xAA,0xAA,0xAA,0xAA,0xAA,0x5B,0x2E,0xA3,0x6B,0xD4,0x55,
  0x02,0x40,0xA4,0x61,0x75,0x79,0x0A,0x62,0x2A,0xAA,0xAA,0xAA,0xAA,0xAA,0xA9,0x75,0x55,0x55,0x55,0xFD,
  0x57,0x55,0x55,0x55,0x57,0xAA,0xAA,0xAA,0xAA,0xAA,0xAA,0xAA,0xAA,0xAA,0x2B,0xAE,0x80,0xA2,0xBD,0xD5,
  0xAA,0x68,0xA5,0x05,0x95,0xE0,0x5A,0x40,0x0A,0xAA,0xAA,0xAA,0xAA,0xAA,0xAD,0x15,0x77,0x75,0xD5,0xD5,
  0x55,0xD5,0x55,0x55,0x55,0xEA,0xAA,0xAA,0xAA,0xAA,0xAA,0xAA,0xAA,0xA8,0x83,0xAA,0x28,0x80,0x82,0xB5,
  0x16,0x48,0x25,0x55,0x45,0xAA,0x20,0x88,0xAA,0xAA,0xAA,0xAA,0xAA,0xAA,0xB5,0x5D,0x55,0xE5,0x55,0xD5,
  0x55,0xD5,0x55,0x5D,0x55,0x7A,0xAA,0xAA,0xAA,0xAA,0xAA,0xAA,0xAA,0xAA,0x28,0x2A,0x80,0xAA,0xA5,0x5F,
  0x84,0x68,0x05,0x11,0x55,0x42,0x88,0x82,0xAA,0xAA,0xAA,0xAA,0xAA,0xAA,0xFD,0x7D,0xF7,0x95,0x57,0x95,
  0x55,0x75,0x55,0x57,0x55,0x76,0xAA,0xAA,0xAA,0xAA,0xAA,0xAA,0xAA,0xAA,0x8A,0xAA,0xA3,0xC9,0x57,0x7A,
  0x29,0x61,0xA9,0x55,0x1D,0x58,0x50,0x2A,0xAA,0xAA,0xAA,0xAA,0xAA,0xA7,0x75,0xF5,0x57,0x57,0x57,0x55,
  0x55,0x75,0x55,0x55,0xD5,0x57,0xEA,0xAA,0xAA,0xAA,0xAA,0xAA,0xAA,0xAA,0x28,0xAB,0x8A,0x55,0x5E,0x0A,
  0x01,0x65,0x89,0xF7,0xEA,0x55,0x5A,0xAA,0xAA,0xAA,0xAA,0xAA,0xAA,0xB7,0x57,0xD5,0xDE,0x55,0x57,0x95,
  0x55,0x5D,0x55,0x75,0x7D,0x55,0x7A,0xAA,0xAA,0xAA,0xAA,0xAA,0xAA,0xAA,0xAA,0xAA,0x17,0x89,0xEA,0xAA,
  0x8A,0x58,0x2B,0x5F,0x8B,0x61,0x48,0xAA,0xAA,0xAA,0xAA,0xAA,0xAA,0xDD,0x5D,0x57,0x5D,0x5D,0x57,0x95,
  0x55,0x57,0x55,0x7D,0x57,0x55,0x5E,0xAA,0xAA,0xAA,0xAA,0xAA,0xAA,0xAA,0xAA,0xAA,0x23,0x33,0x98,0x0A,
  0xA8,0x52,0xAD,0x58,0x81,0x6A,0x20,0xAA,0xAA,0xAA,0xAA,0xAA,0xAB,0xD5,0x75,0x5F,0x79,0x55,0x57,0x95,
  0x55,0x57,0x55,0x7D,0x57,0x55,0x5C,0x2A,0xAA,0xAA,0xAA,0xAA,0xAA,0xAA,0xAA,0xAA,0x88,0x8E,0x08,0x2A,
  0x2A,0x58,0x2D,0x7A,0x09,0x40,0xA2,0xAA,0xAA,0xAA,0xAA,0xAA,0xBD,0x75,0xD5,0x5D,0x75,0x75,0x5E,0x55,
  0x55,0x55,0xD5,0x51,0x55,0x5F,0x55,0x5A,0xAA,0xAA,0xAA,0xAA,0xAA,0xAA,0xAA,0xAA,0xA2,0x88,0x80,0xAA,
  0x91,0x58,0xA5,0x48,0x05,0xAC,0x2A,0xAA,0xAA,0xAA,0xAA,0xAA,0xD7,0x57,0x55,0xF5,0xD5,0x55,0x5F,0x55,
  0x55,0x55,0xD5,0x59,0x55,0x5F,0x55,0x5E,0xAA,0xAA,0xAA,0xAA,0xAA,0xAA,0xAA,0xAA,0xAA,0x0A,0xAA,0xAA,
  0x25,0x46,0xB5,0x68,0x95,0xC8,0x2A,0xAA,0xAA,0xAA,0xAA,0xAB,0x75,0xD7,0x55,0xD5,0xD5,0x55,0x5D,0x55,
  0x55,0x55,0x75,0x55,0x55,0x55,0xD5,0x57,0xAA,0xAA,0xAA,0xAA,0xAA,0xAA,0xAA,0xAA,0xAA,0xAA,0xAA,0xAA,
  0x9D,0xD4,0x95,0xEA,0x58,0x9C,0x8A,0xAA,0xAA,0xAA,0xAA,0xAD,0x55,0x5D,0xF5,0xD7,0x55,0x55,0x5E,0x55,
  0x55,0x55,0x75,0x55,0x55,0x55,0x75,0x55,0xFA,0xAA,0xAA,0xAA,0xAA,0xAA,0xAA,0xAA,0xAA,0xAA,0xAA,0xAA,
  0xC0,0x95,0x55,0xE0,0xA2,0x22,0x2A,0xAA,0xAA,0xAA,0xAA,0xF5,0x5D,0x77,0xF7,0xD7,0x55,0xD5,0x5D,0x55,
  0x55,0x55,0x5D,0x55,0x55,0x55,0x5F,0x55,0x5F,0xAA,0xAA,0xAA,0xAA,0xAA,0xAA,0xAA,0xAA,0xAA,0xAA,0xAA,
  0x3A,0x35,0xD5,0xE8,0x08,0x88,0xAA,0xAA,0xAA,0xAA,0xAF,0x55,0xD5,0xD7,0xDD,0x5D,0x55,0x57,0x5D,0x55,
  0x55,0x55,0x57,0x55,0x55,0x55,0x55,0xF5,0x55,0xEA,0xAA,0xAA,0xAA,0xAA,0xAA,0xAA,0xAA,0xAA,0xAA,0xAA,
  0x00,0x2D,0x75,0xAA,0xA2,0x22,0xAA,0xAA,0xAA,0xAB,0xF5,0x55,0x57,0x5F,0x5D,0x5D,0x55,0x57,0x5E,0x55,
  0x55,0x55,0x55,0xD5,0x55,0x55,0x55,0x5F,0x55,0x7E,0xAA,0xAA,0xAA,0xAA,0xAA,0xEA,0xAA,0xAA,0xAA,0xAA,
  0x88,0xAB,0x55,0xA2,0x8A,0xAA,0xAA,0xAA,0xAA,0xFD,0x55,0x5D,0x5D,0x5D,0x75,0x75,0x5D,0x5F,0x75,0x55,
  0x55,0x55,0x55,0x75,0x55,0x55,0x55,0x55,0xF5,0x57,0xFB,0xFA,0xAA,0xAA,0xBF,0x7F,0xAA,0xAA,0xAA,0xFF,
  0xAA,0xAA,0xD5,0xC8,0x88,0xAA,0xAA,0xAA,0xBF,0xD7,0x7D,0xD5,0xF5,0xF5,0xD5,0xD5,0x75,0x5D,0x75,0x55,
  0x55,0x55,0x55,0x75,0x55,0x55,0x55,0x55,0x5F,0x55,0x7E,0x95,0x55,0x55,0x55,0x55,0xD5,0x55,0x55,0x55,
  0xAA,0xAA,0xD5,0x80,0x30,0x2A,0xAA,0xBF,0xF5,0x75,0xDD,0x5F,0x55,0xDF,0x57,0x55,0x55,0x55,0x75,0x55,
  0x55,0x55,0x55,0x5D,0x55,0x55,0x55,0x55,0x55,0xFD,0x7B,0xD5,0x75,0xD7,0xD7,0x57,0x7F,0xF7,0xFF,0xFD,
  0xAA,0xAA,0xF7,0x64,0x30,0x7F,0x7F,0xD5,0xD5,0x5D,0x55,0xF5,0x57,0x55,0x5D,0x55,0x55,0x55,0x75,0x55,
  0x55,0x55,0x55,0x57,0xD5,0x55,0x55,0x55,0x55,0x55,0x55,0x7E,0xD5,0x55,0x75,0x55,0x55,0x55,0x55,0x55,
  0xFB,0xFD,0xF7,0xD0,0xE0,0xBD,0x55,0x55,0x77,0xD7,0x5F,0x7F,0xFF,0x57,0xF5,0x55,0x55,0x75,0x55,0x55,
  0x55,0x55,0x55,0x55,0x7D,0x55,0x55,0x55,0x55,0x55,0x55,0x57,0xD7,0x57,0xFF,0xFD,0x57,0xD5,0xFF,0xFF,
  0x55,0x55,0xD5,0xD5,0xD1,0x55,0x55,0x55,0x5D,0xDD,0xFF,0xD5,0x75,0x5D,0x55,0x75,0x55,0x55,0x55,0x55,
  0x55,0x55,0x55,0x55,0x55,0x55,0x55,0x55,0x55,0x55,0x55,0x55,0x7F,0x95,0x57,0x75,0x55,0x55,0x55,0x55,
  0x55,0x55,0xD5,0xD7,0x01,0x15,0x5D,0xF5,0x75,0x75,0x55,0x57,0xD5,0xF5,0x57,0xD5,0x55,0x55,0x55,0x65,
  0x55,0x55,0x55,0x55,0x55,0x55,0x55,0x55,0x55,0x55,0x55,0x55,0x55,0xFF,0x55,0x7F,0xD5,0x55,0x55,0x55,
  0x55,0x55,0xD7,0x5C,0xAF,0xFF,0xD5,0x55,0xD5,0x55,0x55,0x5D,0x57,0x55,0x5D,0x55,0x55,0xD5,0x55,0x55,
  0x55,0x55,0x55,0x55,0x55,0x55,0x55,0x55,0x55,0x55,0x55,0x55,0x55,0x55,0xFF,0xC5,0xFF,0xD5,0x55,0x55,
  0xFF,0xFD,0xF5,0x78,0x31,0x7D,0x55,0x55,0x7F,0xFF,0xFF,0xF5,0x7D,0x55,0xD5,0x55,0x55,0x55,0x55,0x55,
  0x55,0x55,0x55,0x55,0x55,0x55,0x55,0x55,0x55,0x55,0x55,0x55,0x55,0x55,0x55,0x7F,0xFF,0xFF,0x95,0x55,
  0x55,0x55,0xB5,0x7A,0x95,0x55,0x55,0x55,0x55,0x55,0x55,0x55,0xD5,0x57,0x75,0x55,0x57,0x55,0x55,0x55,
  0x55,0x55,0x55,0x55,0x55,0x55,0x55,0x55,0x55,0x55,0x55,0x55,0x55,0x55,0x55,0x55,0x55,0x55,0xFF,0xF1,
  0x55,0x55,0x75,0x79,0x55,0x55,0x55,0x55,0x55,0x55,0x55,0x55,0x55,0x55,0x55,0x55,0x55,0x55,0x55,0x55,
  0x55,0x55,0x55,0x55,0x55,0x55,0x55,0x55,0x55,0x55,0x55,0x55,0x55,0x55,0x55,0x55,0x55,0x55,0x55,0x55,
  0x55,0x55,0x5D,0x79,0x9D,0x55,0x55,0x55,0x55,0x55,0x55,0x55,0x55,0x55,0x55,0x55,0x55,0x55,0x55,0x55,
  0x55,0x55,0x55,0x55,0x55,0x55,0x55,0x55,0x55,0x55,0x55,0x55,0x55,0x55,0x55,0x55,0x55,0x55,0x55,0x55,
  0xAA,0xAA,0x6D,0x5E,0xAA,0xAA,0xAA,0xAA,0xAA,0xAA,0xAA,0xAA,0xAA,0xAA,0xAA,0xAA,0xAA,0xAA,0xAA,0xA6,
  0xAA,0xAA,0xAA,0xAA,0xAA,0xAA,0xAA,0xAA,0xAA,0xAA,0xAA,0xAA,0xAA,0xAA,0xAA,0xAA,0xAA,0xAA,0xAA,0xAA,
  0x55,0x55,0x6D,0x56,0x55,0x65,0x95,0x65,0x95,0x96,0x96,0x95,0x96,0x95,0x96,0x95,0x95,0xA5,0x65,0x55,
  0x55,0x95,0x56,0x55,0x99,0x69,0x59,0x56,0x95,0x5A,0x5A,0x59,0xA5,0x99,0xA5,0x55,0x55,0x55,0x55,0x55,
  0x52,0x49,0x6F,0x5E,0x6D,0x79,0x55,0x56,0x55,0xA5,0xA5,0x56,0x65,0x95,0x5A,0x5A,0x69,0x95,0x5A,0x66,
  0xA5,0xA6,0x59,0x69,0x65,0xA5,0x96,0x95,0xA5,0x56,0x95,0x69,0x55,0x5A,0x56,0x95,0x56,0x95,0x56,0x59,
  0x21,0x2A,0x9B,0x5D,0x80,0x26,0x5A,0xA5,0x6A,0x66,0x65,0x5A,0xA6,0x6A,0x55,0x55,0xA5,0x5F,0x55,0x55,
  0x65,0xA5,0x96,0x59,0x69,0x55,0x55,0x5A,0x56,0x96,0xA5,0x55,0x55,0x56,0x95,0x6B,0xD7,0x6A,0x9F,0x57,
  0x96,0xA5,0xA9,0x56,0x45,0x05,0x55,0x55,0x7F,0xFD,0xFF,0xFF,0xD5,0x57,0x55,0x55,0x57,0x57,0x55,0x55,
  0x55,0x55,0x55,0x55,0x55,0x55,0x55,0x55,0x55,0x55,0x55,0x55,0x55,0x55,0x55,0x55,0x7F,0x75,0x55,0x55,
  0xB1,0x47,0xFB,0x57,0x89,0x88,0x6A,0xF6,0xAA,0x55,0x55,0xA5,0x5A,0x56,0xDA,0xAA,0x55,0x9A,0xA9,0x65,
  0x6A,0xA5,0x9A,0xAA,0x55,0xAA,0xAA,0x55,0x55,0xA9,0x5A,0x56,0xAA,0xAA,0x5A,0xAA,0xAA,0xAF,0xFA,0xBD,
  0x28,0x7D,0x5E,0x57,0x80,0x44,0x11,0x55,0x55,0x55,0x55,0x55,0x5F,0x55,0x75,0x55,0x55,0xD5,0x55,0x55,
  0x55,0x55,0x55,0x55,0x55,0x55,0x55,0x55,0x55,0x55,0x55,0x55,0x55,0x55,0x5E,0xEF,0xAA,0xAA,0xAA,0xAA,
  0x00,0x55,0x57,0xD7,0x85,0x15,0x47,0x79,0x55,0x55,0x55,0x55,0x55,0xF5,0x5D,0x55,0x55,0x75,0x55,0x59,
  0x55,0x55,0x55,0x51,0x55,0x55,0x55,0x55,0x55,0x55,0x55,0x55,0x55,0x7F,0xAA,0xAA,0xAA,0xAA,0xAA,0xAA,
  0x2B,0x5A,0xB5,0xF7,0xA5,0xAB,0xC2,0xDA,0xA9,0x6A,0xAA,0x56,0xA6,0x96,0x6A,0xAA,0xA5,0x6A,0xAA,0xA5,
  0x6A,0xAA,0x96,0xA9,0xAD,0x59,0xAA,0xAA,0x95,0xA6,0xA5,0x67,0xAE,0xAA,0xAA,0xAA,0xAA,0xAA,0xAA,0xAA,
  0x2E,0x42,0xB5,0x75,0xA7,0x2F,0x0F,0xFF,0x55,0x75,0x5D,0xFF,0x55,0x55,0x57,0x55,0x55,0x5D,0x75,0x55,
  0x55,0x55,0x55,0x51,0x55,0x55,0x55,0x55,0x55,0xFD,0x7B,0xEA,0xAA,0xAA,0xAA,0xAA,0xAA,0xAA,0xAA,0xAA,
  0x9A,0x62,0x9D,0x57,0xB7,0xAE,0x60,0xA9,0x5F,0xF5,0x55,0x55,0xFD,0x55,0xD5,0x75,0x55,0x55,0x75,0x55,
  0x55,0x55,0x55,0x75,0x55,0x55,0x55,0x55,0xF5,0x57,0xEA,0xAA,0xAA,0xAA,0xAA,0xAA,0xAA,0xAA,0xAA,0xAA,
  0x22,0x0A,0xAD,0xD7,0x95,0x77,0x22,0x2A,0xAA,0x9F,0xEF,0x55,0x57,0xD5,0x75,0x5D,0x55,0x57,0x5D,0x55,
  0x55,0x55,0x57,0x55,0x55,0x55,0x55,0xF5,0x55,0xEA,0xAA,0xAA,0xAA,0xAA,0xAA,0xAA,0xAA,0xAA,0xAA,0xAA,
  0x88,0xAA,0xAD,0xD7,0xBD,0x56,0x88,0xAA,0xAA,0xAA,0xAA,0xBF,0x55,0x5D,0x5D,0x57,0x55,0x55,0x5D,0x55,
  0x55,0x55,0x75,0x55,0x55,0x55,0x75,0x55,0xFA,0xAA,0xAA,0xAA,0xAA,0xAA,0xAA,0xAA,0xAA,0xAA,0xAA,0xAA,
  0x2A,0x2A,0xA5,0x55,0x7A,0x97,0x0A,0xAA,0xAA,0xAA,0xAA,0xAA,0xAA,0xAA,0xA6,0x6A,0xAA,0xA9,0x9A,0xA5,
  0xAA,0xA9,0xAA,0xA9,0x6A,0xAA,0xAA,0x6A,0xAA,0xAA,0xAA,0xAA,0xAA,0xAA,0xAA,0xAA,0xAA,0xAA,0xAA,0xAA,
  0x8A,0xAA,0xA5,0x55,0x58,0x27,0xA2,0xAA,0xAA,0xAA,0xAA,0xAA,0xAF,0x55,0x75,0x55,0x75,0x55,0x57,0x55,
  0x55,0x57,0x55,0x55,0x55,0xD5,0x57,0xAA,0xAA,0xAA,0xAA,0xAA,0xAA,0xAA,0xAA,0xAA,0xAA,0xAA,0xAA,0xAA,
  0xAA,0xAA,0xAF,0xD5,0x6A,0xB6,0x2A,0xAA,0xAA,0xAA,0xAA,0xAA,0xAA,0xBD,0x57,0xD5,0x5D,0x55,0x57,0x55,
  0x55,0x5D,0x55,0x55,0x7D,0x55,0x7A,0xAA,0xAA,0xAA,0xAA,0xAA,0xAA,0xAA,0xAA,0xAA,0xAA,0xAA,0xAA,0xAA,
  0xAA,0xAA,0xAF,0xF5,0xE8,0x9D,0x8A,0xAA,0xAA,0xAA,0xAA,0xAA,0xAA,0xAA,0xF5,0x7D,0x57,0x55,0x57,0x55,
  0x55,0x75,0x55,0x57,0x55,0x7E,0xAA,0xAA,0xAA,0xAA,0xAA,0xAA,0xAA,0xAA,0xAA,0xAA,0xAA,0xAA,0xAA,0xAA,
  0xAA,0xAA,0xAD,0xF5,0xA0,0x49,0x0A,0xAA,0xAA,0xAA,0xAA,0xAA,0xAA,0xAA,0xAC,0x15,0x55,0x55,0x55,0xD5,
  0x55,0xD5,0x55,0x55,0x55,0xEA,0xAA,0xAA,0xAA,0xAA,0xAA,0xAA,0xAA,0xAA,0xAA,0xAA,0xAA,0xAA,0xAA,0xAA,
  0xAA,0xAA,0xA5,0xF7,0xA8,0x0B,0x8A,0xAA,0xAA,0xAA,0xAA,0xAA,0xAA,0xAA,0xAA,0xF1,0x51,0x45,0x45,0xC5,
  0x50,0x55,0x55,0x55,0x7E,0xAA,0xAA,0xAA,0xAA,0xAA,0xAA,0xAA,0xAA,0xAA,0xAA,0xAA,0xAA,0xAA,0xAA,0xAA,
  0xAA,0xAA,0xAD,0xD7,0xAA,0xA0,0x2A,0xAA,0xAA,0xAA,0xAA,0xAA,0xAA,0xAA,0xAA,0xAC,0x08,0xE9,0x51,0x71,
  0x50,0x04,0x51,0x17,0xAA,0xAA,0xAA,0xAA,0xAA,0x20,0x2A,0xAA,0xAA,0xAA,0xAA,0xAA,0xAA,0xAA,0xAA,0xAA,
  0xAA,0xAA,0xA7,0xD7,0xAA,0x28,0xAA,0xAA,0xAA,0xAA,0xAA,0xAA,0xAA,0xAA,0xAA,0xAA,0xC0,0x8C,0x30,0x78,
  0x40,0x10,0x40,0x4A,0xAA,0xAA,0xAA,0xAA,0xA0,0x08,0x02,0xAA,0xAA,0xAA,0xAA,0xAA,0xAA,0xAA,0xAA,0xAA,
  0xAA,0xAA,0xA5,0x56,0xAA,0xAA,0xAA,0xAA,0xAA,0xAA,0xAA,0xAA,0xAA,0xAA,0xAA,0xAA,0xA8,0xAA,0xAA,0xAA,
  0xAA,0xAA,0xAA,0xAA,0xAA,0xAA,0xAA,0xAA,0xA8,0xAA,0x82,0xAA,0xAA,0xAA,0xAA,0xAA,0xAA,0xAA,0xAA,0xAA,
  0xAA,0xAA,0xA5,0x57,0xAA,0xAA,0xAA,0xAA,0xAA,0xAA,0xAA,0xAA,0xAA,0xAA,0xAA,0xAA,0xAA,0xC3,0x30,0x38,
  0x00,0x00,0x02,0xAA,0xAA,0xAA,0xAA,0xAA,0x88,0x00,0x02,0xAA,0xAA,0xAA,0xAA,0xAA,0xAA,0xAA,0xAA,0xAA,
  0xAA,0xAA,0xA5,0xD7,0xAA,0xAA,0xAA,0xAA,0xAA,0xAA,0xAA,0xAA,0xAA,0xAA,0xAA,0xAA,0xAA,0xB2,0xCC,0xEC,
  0x40,0x04,0x2A,0xAA,0xAA,0xAA,0xAA,0xAA,0xA2,0x28,0x2A,0xAA,0xAA,0xAA,0xAA,0xAA,0xAA,0xAA,0xAA,0xAA,
  0xAA,0xAA,0xB5,0x57,0xAA,0xAA,0xAA,0xAA,0xAA,0xAA,0xAA,0xAA,0xAA,0xAA,0xAA,0xAA,0xAA,0xAC,0x33,0x0C,
  0x00,0x10,0xAA,0xAA,0xAA,0xAA,0xAA,0xAA,0xAA,0xAA,0xAA,0xAA,0xAA,0xAA,0xAA,0xAA,0xAA,0xAA,0xAA,0xAB,
  0xAA,0xAA,0xB0,0x03,0xAA,0xAA,0xAA,0xAA,0xAA,0xAA,0xAA,0xAA,0xAA,0xAA,0xAA,0xAA,0xAA,0xAB,0x0E,0x2C,
  0x00,0x42,0xAA,0xAA,0xAA,0xAA,0xAA,0xAA,0xA0,0x20,0x02,0xAA,0xAA,0xAA,0xAA,0xAA,0xAA,0xAA,0xAB,0x55,
  0xAA,0xAA,0x80,0x00,0xAA,0xAA,0xAA,0xAA,0xAA,0xAA,0xAA,0xAA,0xAA,0xAA,0xAA,0xAA,0xAA,0xAA,0xE8,0xC8,
  0x28,0x0A,0xAA,0xAA,0xAA,0xAA,0xAA,0xAA,0xAA,0xAA,0xAA,0xAA,0xAA,0xAA,0xAA,0xAA,0xAA,0xAB,0x55,0xD5,
  0xAA,0xAA,0x80,0x00,0xEA,0xAA,0xAA,0xAA,0xAA,0xAA,0xAA,0xAA,0xAA,0xAA,0xAA,0xAA,0xAA,0xAA,0xB0,0x3B,
  0x0C,0x2A,0xAA,0xAA,0xAA,0xAA,0xAA,0xAA,0xAA,0xAA,0xAA,0xAA,0xAA,0xAA,0xAA,0xAA,0xAA,0xF5,0x55,0x5D,
  0xAA,0xAA,0xC0,0x40,0x2A,0xAA,0xAA,0xAA,0xAA,0xAA,0xAA,0xAA,0xAA,0xAA,0xAA,0xAA,0xAA,0xAA,0xAC,0x08,
  0x00,0xAA,0xAA,0xAA,0xAA,0xAA,0xAA,0xAA,0xAA,0x08,0x2A,0xAA,0xAA,0xAA,0xAA,0xAA,0xA9,0xD5,0x55,0x55,
  0xAA,0xAA,0x00,0x04,0x3A,0xAA,0xAA,0xAA,0xAA,0xAA,0xAA,0xAA,0xAA,0xAA,0xAA,0xAA,0xAA,0xAA,0xAB,0x8A,
  0xCA,0xAA,0xAA,0xAA,0xAA,0xAA,0xAA,0xAA,0xAA,0xAA,0xAA,0xAA,0xAA,0xAA,0xAA,0xAA,0xAD,0xD5,0x55,0x55,
  0x6A,0xAA,0xC0,0x10,0x0E,0xAA,0xAA,0xAA,0xAA,0xAA,0xAA,0xAA,0xAA,0xAA,0xAA,0xAA,0xAA,0xAA,0xAA,0xAA,
  0xAA,0xAA,0xAA,0xAA,0xAA,0xAA,0xAA,0xAA,0xAA,0xAA,0xAA,0xAA,0xAA,0xAA,0xAA,0xAA,0xAB,0xBD,0x55,0x55,
  0xFF,0xA9,0x04,0x01,0x01,0x57,0xAA,0xAA,0xAA,0xAA,0xAA,0xAA,0xAA,0xAA,0xAA,0xAA,0xAA,0xAA,0xAA,0xAA,
  0xAA,0xAA,0xAA,0xAA,0xAA,0xAA,0xAA,0xAA,0xAA,0xAA,0xAA,0xAA,0xAA,0xAA,0xAA,0xAB,0xBB,0xA5,0x55,0x55,
  0x55,0xD4,0x10,0x00,0x40,0x55,0xF5,0xDA,0xAA,0xAA,0xAA,0xAA,0xAA,0xAA,0xAA,0xAA,0xAA,0xAA,0xAA,0xAA,
  0xAA,0xAA,0xAA,0xAA,0xAA,0xAA,0xAA,0xAA,0xAA,0xAA,0xAA,0xAA,0xAA,0xAA,0xAA,0xAA,0xAB,0xEB,0x55,0x55,
  0x55,0x50,0x43,0x13,0xD4,0x15,0x55,0x57,0xF3,0xAA,0xAA,0xAA,0xAA,0xAA,0xAA,0xAA,0xAA,0xAA,0xAA,0xAA,
  0xAA,0xAA,0xAA,0xAA,0xAA,0xAA,0xAA,0xAA,0xAA,0xAA,0xAA,0xAA,0xAA,0xAA,0xAA,0xAA,0xEA,0x7A,0xD5,0x55,
  0x45,0xC1,0x07,0x10,0x7D,0x55,0x45,0x55,0x5C,0xEA,0xAA,0xAA,0xAA,0xAA,0xAA,0xAA,0xAA,0xAA,0xAA,0xAA,
  0xAA,0xAA,0xAA,0xAA,0xAA,0xAA,0xAA,0xAA,0xAA,0xAA,0xAA,0xAA,0xAA,0xAA,0xAA,0xAA,0xAB,0xBF,0x55,0x55,
  0x55,0x5D,0x45,0x1C,0x15,0x55,0x55,0x54,0x55,0x7D,0xAA,0xAA,0xAA,0xAA,0xAA,0xAA,0xAA,0xAA,0xAA,0xAA,
  0xAA,0xAA,0xAA,0xAA,0xAA,0xAA,0xAA,0xAA,0xAA,0xAA,0xAA,0xAA,0xAA,0xAA,0xAA,0xAA,0xAA,0xBD,0x55,0x55,
  0x55,0x55,0x55,0x75,0x55,0x55,0x55,0x55,0x55,0x47,0x6A,0xAA,0xAA,0xAA,0xAA,0xAA,0xAA,0xAA,0xAA,0xAA,
  0xAA,0xAA,0xAA,0xAA,0xAA,0xAA,0xAA,0xAA,0xAA,0xAA,0xAA,0xAA,0xAA,0xAA,0xAA,0xAA,0x7F,0x55,0x55,0x55,
  0x55,0x55,0x55,0x55,0x51,0x45,0x55,0x55,0x51,0x55,0x3D,0x5A,0xAA,0xD5,0xEA,0xAA,0xAA,0xAA,0xAA,0xAA,
  0xAA,0xAA,0xAA,0xAA,0xAA,0xAA,0xAA,0xAA,0xD7,0xF6,0xAA,0xAA,0xAA,0xAA,0xF5,0xDD,0x55,0x45,0x51,0x55,
  0x15,0x51,0x55,0x55,0x55,0x55,0x55,0x15,0x55,0x55,0x55,0xFD,0x55,0x55,0x57,0xF9,0xAA,0xAA,0xAA,0xAA,
  0xAA,0xAA,0xAA,0xAA,0xAA,0xAA,0xBF,0xD5,0x55,0x55,0xD7,0xAA,0xAA,0xD5,0x55,0x15,0x54,0x55,0x55,0x45,
  0x55,0x55,0x55,0x55,0x55,0x55,0x55,0x55,0x55,0x55,0x55,0x55,0x55,0x55,0x55,0x55,0x55,0xFE,0xAA,0xAA,
  0x6A,0xAA,0xAA,0xAA,0xBF,0x55,0x55,0x55,0x55,0x55,0x55,0x55,0x55,0x55,0x55,0x55,0x55,0x55,0x55,0x55,
};
static const uint8_t scene6_fixed[97][3]={
  {0,1,0},{0,1,0},{0,1,0},{0,1,0},{0,1,2},{3,1,2},{3,1,2},{3,1,2},{3,1,2},{3,1,2},{3,1,2},{3,1,2},{3,1,2},{3,1,2},{3,1,2},{3,1,2},{3,1,2},{3,1,2},{3,1,2},{3,1,2},{3,1,2},{3,1,2},{3,1,2},{3,1,2},{3,1,2},{3,1,2},{3,1,2},{3,1,2},{3,1,2},{3,1,2},{3,1,2},{3,1,2},{3,1,2},{3,1,2},{3,4,2},{3,5,2},{3,6,2},{3,6,2},{3,6,2},{3,6,2},{3,6,2},{3,6,2},{3,6,2},{3,6,2},{3,6,2},{3,6,2},{3,6,2},{3,6,2},{3,6,2},{3,6,2},{3,6,2},{3,6,2},{3,6,2},{3,6,2},{3,6,2},{3,6,2},{3,7,2},{3,7,2},{3,7,2},{3,7,2},{3,7,2},{3,7,2},{3,7,2},{3,7,2},{3,7,2},{3,7,2},{3,7,2},{3,7,2},{3,7,2},{3,7,2},{3,7,2},{3,7,2},{3,7,2},{3,7,2},{3,7,2},{3,7,2},{3,7,2},{3,7,2},{3,7,0},{3,7,2},{3,7,2},{8,7,2},{8,7,2},{8,7,2},{8,7,2},{8,7,2},{8,7,2},{8,7,2},{8,7,2},{8,7,2},{8,7,2},{8,7,2},{8,7,2},{8,7,2},{8,7,2},{8,7,2},{8,7,2}};
static const SceneRun scene6_runs[263]={{17,9},{15,9},{34,10},{11,9},{35,10},{9,9},{35,10},{147,11},{7,9},{32,10},{144,11},{155,10},{10,9},{35,10},{115,12},{146,11},{153,10},{8,9},{32,10},{114,12},{143,2},{144,11},{156,10},{11,9},{32,10},{113,12},{145,11},{154,10},{9,9},{32,10},{76,11},{113,12},{143,2},{145,11},{11,9},{32,10},{77,11},{113,12},{144,11},{7,9},{33,10},{75,11},{115,12},{143,2},{144,11},{159,10},{2,9},{35,10},{75,11},{142,12},{144,11},{155,10},{1,9},{33,10},{74,11},{112,12},{155,10},{2,9},{36,10},{74,11},{112,12},{143,2},{147,11},{154,10},{3,9},{41,10},{73,11},{112,12},{143,2},{158,10},{0,9},{41,10},{72,11},{118,12},{147,11},{152,10},{0,9},{32,10},{72,11},{113,12},{137,9},{143,2},{2,9},{33,10},{71,11},{113,12},{136,9},{142,12},{144,11},{0,9},{32,10},{70,11},{114,12},{137,9},{144,11},{5,9},{44,10},{69,11},{115,12},{135,9},{146,11},{6,9},{43,10},{69,11},{137,9},{150,11},{2,9},{37,10},{68,11},{153,10},{4,9},{39,10},{67,11},{133,9},{141,12},{144,11},{152,10},{1,9},{34,10},{66,11},{136,9},{147,11},{157,10},{0,9},{33,10},{65,11},{134,9},{150,11},{155,10},{1,9},{35,10},{64,11},{95,2},{139,9},{154,10},{0,9},{32,10},{63,11},{95,2},{134,9},{156,10},{3,9},{32,10},{64,11},{97,2},{135,9},{157,10},{2,9},{33,10},{63,11},{140,9},{146,11},{155,10},{0,9},{32,10},{136,9},{145,11},{7,9},{32,10},{60,2},{135,9},{144,11},{153,10},{0,9},{145,11},{1,9},{146,11},{0,9},{145,11},{156,10},{0,9},{144,11},{1,9},{144,11},{155,10},{3,9},{107,2},{145,11},{152,10},{0,9},{94,11},{153,10},{2,9},{148,11},{0,9},{7,9},{1,9},{0,9},{0,9},{1,9},{13,9},{13,9},{15,9},{14,9},{18,9},{16,9},{15,9},{141,12},{15,9},{158,10},{2,9},{0,9},{17,9},{2,9},{0,9},{0,9},{94,11},{0,9},{0,9},{94,11},{6,9},{0,9},{1,9},{0,9},{1,9},{24,9},{19,9},{18,9},{59,2},{19,9},{62,2},{66,11},{22,9},{63,11},{116,12},{20,9},{65,11},{114,12},{67,11},{115,12},{69,11},{113,12},{70,11},{114,12},{71,11},{10,3},{72,11},{114,12},{9,3},{75,11},{9,3},{74,11},{9,3},{75,11},{116,12},{8,3},{77,11},{9,3},{8,3},{7,3},{6,3},{34,10},{1,3},{35,10},{9,3},{37,10},{18,3},{34,10},{149,11},{154,10},{0,3},{147,11},{157,10}};
static const uint16_t scene6_run_ofs[98]={0,0,1,3,5,8,12,17,23,28,34,39,46,52,57,64,70,76,82,89,95,101,106,110,117,123,129,135,141,147,153,157,163,165,167,170,172,175,179,182,184,185,186,187,188,189,190,191,192,193,194,195,196,198,199,200,200,200,200,200,201,202,203,204,205,207,208,210,211,212,213,214,215,216,217,219,222,225,228,230,232,234,235,238,240,242,245,247,248,249,250,252,254,255,256,260,263,263};
static const SceneCol scene6_pal[13]={{0,0,0},{137,137,137},{4,4,4},{91,44,0},{176,130,70},{189,113,121},{188,118,103},{30,98,111},{119,72,11},{172,244,144},{232,217,122},{211,211,211},{157,80,88}};
static const BgScene BG_SCENES[]={
  {"SYDNEY", {119,72,11}, scene0_bits, scene0_fixed, scene0_runs, scene0_run_ofs, scene0_pal, 9},
  {"NEW YORK", {79,79,79}, scene1_bits, scene1_fixed, scene1_runs, scene1_run_ofs, scene1_pal, 13},
  {"RIO DE JANEIRO", {211,164,104}, scene2_bits, scene2_fixed, scene2_runs, scene2_run_ofs, scene2_pal, 9},
  {"JAPAN", {144,97,36}, scene3_bits, scene3_fixed, scene3_runs, scene3_run_ofs, scene3_pal, 14},
  {"EGYPT", {211,164,104}, scene4_bits, scene4_fixed, scene4_runs, scene4_run_ofs, scene4_pal, 7},
  {"GREECE", {211,164,104}, scene5_bits, scene5_fixed, scene5_runs, scene5_run_ofs, scene5_pal, 8},
  {"MOUNT FUJI", {119,72,11}, scene6_bits, scene6_fixed, scene6_runs, scene6_run_ofs, scene6_pal, 13},
};
#define BG_SCENE_COUNT ((int)(sizeof(BG_SCENES)/sizeof(BG_SCENES[0])))
#endif
